Column1,Column2,Column3
접점코드,판매점명,통신사
개인)개인-김영준,개인)개인-김영준,KT-VI
개인)개인-유예정,개인)개인-유예정,KT-VI
개인)개인-이명원,개인)개인-이명원,KT-VI
개인)개인-김윤원,개인)개인-김윤원,KT-VI
MCC)원모바일,MCC)원모바일,KT-VI
웅)(주)더케이(김해),웅)(주)더케이(김해),KT-VI
구)(주)셈틀정보통신,구)(주)셈틀정보통신,KT-VI
준)(주)스마일커뮤니티,준)(주)스마일커뮤니티,KT-VI
구)(주)알케이유통(안산),구)(주)알케이유통(안산),KT-VI
민)(주)엠제이통신(인천),민)(주)엠제이통신(인천),KT-VI
열)(주)유어케이스이대지점(마포),열)(주)유어케이스이대지점(마포),KT-VI
열)(주)이루다홀딩스,열)(주)이루다홀딩스,KT-VI
열)(주)지니모바일(위례),열)(주)지니모바일(위례),KT-VI
열)(주)케이씨엘(성남),열)(주)케이씨엘(성남),KT-VI
열)(주)프론티어홀딩스,열)(주)프론티어홀딩스,KT-VI
열)(주)프리엠(광주),열)(주)프리엠(광주),KT-VI
열)(주)핸드폰마을,열)(주)핸드폰마을,KT-VI
열)(주)핸드폰마을2,열)(주)핸드폰마을2,KT-VI
영)(주)현성네트워크(청주),영)(주)현성네트워크(청주),KT-VI
구)010통신(문경),구)010통신(문경),KT-VI
영)1백점만점,영)1백점만점,KT-VI
영)2백점만점(월계),영)2백점만점(월계),KT-VI
구)365정보통신(영월),구)365정보통신(영월),KT-VI
영)3백점만점,영)3백점만점,KT-VI
구)555텔레콤,구)555텔레콤,KT-VI
열)88컴퍼니(용인),열)88컴퍼니(용인),KT-VI
웅)가람모바일,웅)가람모바일,KT-VI
구)가람통신(화성),구)가람통신(화성),KT-VI
민)가온(개봉),민)가온(개봉),KT-VI
열)가온센텀(여수),열)가온센텀(여수),KT-VI
웅)가온컴퍼니 주식회사(김해),웅)가온컴퍼니 주식회사(김해),KT-VI
웅)가재울휴대폰,웅)가재울휴대폰,KT-VI
열)가족통신(용인),열)가족통신(용인),KT-VI
열)감자통신(김해),열)감자통신(김해),KT-VI
열)강남엔젤폰,열)강남엔젤폰,KT-VI
영)강동텔레콤(강변TM),영)강동텔레콤(강변TM),KT-VI
영)강아통신,영)강아통신,KT-VI
구)갤럭시(진주),구)갤럭시(진주),KT-VI
구)거창통신,구)거창통신,KT-VI
구)건강모바일(수유),구)건강모바일(수유),KT-VI
열)겸손통신(광주),열)겸손통신(광주),KT-VI
열)경동텔레콤,열)경동텔레콤,KT-VI
수)경북정보통신(안동),수)경북정보통신(안동),KT-VI
영)경산중고폰거래소,영)경산중고폰거래소,KT-VI
열)고려(포항),열)고려(포항),KT-VI
구)고려모바일(아산),구)고려모바일(아산),KT-VI
웅)고릴라폰,웅)고릴라폰,KT-VI
수)고봉국제무역(용산),수)고봉국제무역(용산),KT-VI
수)고양폰(고양),수)고양폰(고양),KT-VI
준)곡성텔레콤,준)곡성텔레콤,KT-VI
열)곤지암통신,열)곤지암통신,KT-VI
웅)골드텔레콤(수유),웅)골드텔레콤(수유),KT-VI
영)골든밸,영)골든벨,KT-VI
수)골목통신(진주),수)골목통신(진주),KT-VI
영)공짜나라(김천),영)공짜나라(김천),KT-VI
열)광교휴대폰성지모두의폰(수원),열)광교휴대폰성지모두의폰(수원),KT-VI
열)광주통신(광주),열)광주통신(광주),KT-VI
열)광주폰카페,열)광주폰카페,KT-VI
수)광통신,수)광통신,KT-VI
열)광통신(여주),열)광통신(여주),KT-VI
영)광희통신(속초),영)광희통신(속초),KT-VI
영)구구텔레콤(인천),영)구구텔레콤(인천),KT-VI
열)구구폰(용인),열)구구폰(용인),KT-VI
구)구백억(중곡동),구)구백억(중곡동),KT-VI
웅)구찌통신,웅)구찌통신,KT-VI
우)국대폰(어룡역점),우)국대폰(어룡역점),KT-VI
구)굿데이텔레콤,구)굿데이텔레콤,KT-VI
웅)굿모닝(외대점),웅)굿모닝(외대점),KT-VI
구)굿모닝목4점,구)굿모닝목4점,KT-VI
수)굿모닝정보통신,수)굿모닝정보통신,KT-VI
웅)그레이슬,웅)그레이슬,KT-VI
구)그린모바일(부산),구)그린모바일(부산),KT-VI
수)그린서비스센터(공주),수)그린서비스센터(공주),KT-VI
열)그린이동통신(대전),열)그린이동통신(대전),KT-VI
웅)그린정보통신,웅)그린정보통신,KT-VI
수)글로벌모바일,수)글로벌모바일,KT-VI
영)글로벌시스템(안양),영)글로벌시스템(안양),KT-VI
영)글로벌통신,영)글로벌통신,KT-VI
열)글컴정보통신(용인),열)글컴정보통신(용인),KT-VI
열)금동통신(부산),열)금동통신(부산),KT-VI
열)금복통신(광주),열)금복통신(광주),KT-VI
수)금영미래통신(안산),수)금영미래통신(안산),KT-VI
구)금이텔레콤(군산),구)금이텔레콤(군산),KT-VI
영)금정모바일(부산동래),영)금정모바일(부산동래),KT-VI
수)금촌폰,수)금촌폰,KT-VI
구)기준(전주시),구)기준(전주시),KT-VI
영)길상모바일,영)길상모바일,KT-VI
구)길통신(남원),구)길통신(남원),KT-VI
웅)김밥모바일(영등포),웅)김밥모바일(영등포),KT-VI
수)김포아저씨,수)김포아저씨,KT-VI
수)까래통신(공주),수)까래통신(공주),KT-VI
웅)꽁돈버는 머니폰(영천),웅)꽁돈버는 머니폰(영천),KT-VI
수)꽃남통신(구의),수)꽃남통신(구의),KT-VI
구)꿀통신(임실군),구)꿀통신(임실군),KT-VI
웅)끼우칭모바일,웅)끼우칭모바일,KT-VI
영)나누리통신(인천),영)나누리통신(인천),KT-VI
구)나라통신(고창),구)나라통신(고창),KT-VI
웅)나라통신(안산),웅)나라통신(안산),KT-VI
영)나래이동통신,영)나래이동통신,KT-VI
열)나래통신(대전),열)나래통신(대전),KT-VI
수)나린텔레콤(고양),수)나린텔레콤(고양),KT-VI
웅)나무커머스,웅)나무커머스,KT-VI
웅)나바인터내셔널,웅)나바인터내셔널,KT-VI
열)나인모바일(광주),열)나인모바일(광주),KT-VI
구)나인모바일(안산),구)나인모바일(안산),KT-VI
웅)낙원통신,웅)낙원통신,KT-VI
열)남부폰,열)남부폰,KT-VI
민)남서울정보통신,민)남서울정보통신,KT-VI
열)남양본가,열)남양본가,KT-VI
구)남원네이트대리점,구)남원네이트대리점,KT-VI
영)내포텔레콤(예산),영)내포텔레콤(예산),KT-VI
수)넘버원,수)넘버원,KT-VI
민)네온통신(안산),민)네온통신(안산),KT-VI
영)네이버정보통신(구미),영)네이버정보통신(구미),KT-VI
수)네팔모바일(수원),수)네팔모바일(수원),KT-VI
민)노마진모바일(인천),민)노마진모바일(인천),KT-VI
준)누리(군자),준)누리(군자),KT-VI
영)누리컴퍼니,영)누리컴퍼니,KT-VI
구)누리통신(안산),구)누리통신(안산),KT-VI
웅)뉴디지털정보통신,웅)뉴디지털정보통신,KT-VI
우)뉴서울정보통신,우)뉴서울정보통신,KT-VI
수)뉴아마존(안산),수)뉴아마존(안산),KT-VI
웅)뉴야탑통신,웅)뉴야탑통신,KT-VI
수)뉴엔탑통신(동인천),수)뉴엔탑통신(동인천),KT-VI
영)뉴코아텔레콤(이천),영)뉴코아텔레콤(이천),KT-VI
영)뉴폰(오산),영)뉴폰(오산),KT-VI
수)닉카컴퍼니(마석),수)닉카컴퍼니(마석),KT-VI
열)다모아통신(해남),열)다모아통신(해남),KT-VI
웅)다바다(조치원),웅)다바다(조치원),KT-VI
열)다산모바일,열)다산모바일,KT-VI
웅)다산텔레콤,웅)다산텔레콤,KT-VI
수)다산통신,수)다산통신,KT-VI
수)다연통신(하남),수)다연통신(하남),KT-VI
웅)다예통신,웅)다예통신,KT-VI
영)다온모바일(위례),영)다온모바일(위례),KT-VI
열)다온모바일(하남),열)다온모바일(하남),KT-VI
구)다온정보통신,구)다온정보통신,KT-VI
웅)다온텔레콤,웅)다온텔레콤,KT-VI
수)다온통신(진접),수)다온통신(진접),KT-VI
수)다올텔레콤(왕십리),수)다올텔레콤(왕십리),KT-VI
민)아프리카중고폰(광명),민)아프리카중고폰(광명),KT-VI
구)다움(태안),구)다움(태안),KT-VI
영)다원텔레콤(용인),영)다원텔레콤(용인),KT-VI
열)다원통신(평택),열)다원통신(평택),KT-VI
영)다원TC장안,영)다원TC장안,KT-VI
준)다윗모바일(인천),준)다윗모바일(인천),KT-VI
민)다음통신(광명),민)다음통신(광명),KT-VI
영)다이아(전주),영)다이아(전주),KT-VI
열)다인정보(광주),열)다인정보(광주),KT-VI
구)다인통신,구)다인통신,KT-VI
수)다정모바일(호평),수)다정모바일(호평),KT-VI
영)다존텔레콤(상일),영)다존텔레콤(상일),KT-VI
수)닥터폰(운천),수)닥터폰(운천),KT-VI
열)단군통신(화성),열)단군통신(화성),KT-VI
영)단대오거리통신,영)단대오거리통신,KT-VI
웅)단무지(선한텔레콤),웅)단무지(선한텔레콤),KT-VI
영)단비2호점,영)단비2호점,KT-VI
열)단해텔레콤(인천),열)단해텔레콤(인천),KT-VI
웅)달빛,웅)달빛,KT-VI
영)담현컴퍼니(대구),영)담현컴퍼니(대구),KT-VI
영)이덴통신,영)담현컴퍼니(대구),KT-VI
수)대감텔레콤(미아),수)대감텔레콤(미아),KT-VI
열)대도모바일2호점,열)대도모바일2호점,KT-VI
민)대명정보통신,민)대명정보통신,KT-VI
열)대명폰(오산),열)대명폰(오산),KT-VI
열)대명폰2호점(오산),열)대명폰2호점(오산),KT-VI
열)대명폰3호점(오산),열)대명폰3호점(오산),KT-VI
열)대박모바일(김포),열)대박모바일(김포),KT-VI
웅)에치엘그룹,웅)에치엘그룹,KT-VI
구)대박텔레콤(장안동),구)대박텔레콤(장안동),KT-VI
영)대박통신(감일),영)대박통신(감일),KT-VI
웅)대박통신(덕풍동),웅)대박통신(덕풍동),KT-VI
열)대박통신(송산),열)대박통신(송산),KT-VI
웅)대박통신(수원),웅)대박통신(수원),KT-VI
민)대박통신(시흥),민)대박통신(시흥),KT-VI
수)대박통신(자양),수)대박통신(자양),KT-VI
열)대박통신(조암),열)대박통신(조암),KT-VI
열)대박통신(화성),열)대박통신(화성),KT-VI
수)대박MK텔레콤(둔촌),수)대박MK텔레콤(둔촌),KT-VI
열)대상정보,열)대상정보,KT-VI
수)대상텔레콤,수)대상텔레콤,KT-VI
열)대성아이티(강동),열)대성아이티(강동),KT-VI
수)대우통신(일동),수)대우통신(일동),KT-VI
열)대전모바일,열)대전모바일,KT-VI
수)대정씨앤씨(왕십리),수)대정씨앤씨(왕십리),KT-VI
수)대한텔레콤(답십리),수)대한텔레콤(답십리),KT-VI
수)대한통신(의정부),수)대한통신(의정부),KT-VI
영)대호정보통신,영)대호정보통신,KT-VI
영)더굿컴퍼니,영)더굿컴퍼니,KT-VI
구)더더,구)더더,KT-VI
구)더모스트,구)더모스트,KT-VI
민)더본모바일,민)더본모바일,KT-VI
열)더블와이컴퍼니(중곡동),열)더블와이컴퍼니(중곡동),KT-VI
열)더블유비컴퍼니,열)더블유비컴퍼니,KT-VI
구)더블케이대박통신,구)더블케이대박통신,KT-VI
우)더원네트웍스,우)더원네트웍스,KT-VI
수)더줌텔레콤(천안),수)더줌텔레콤(천안),KT-VI
구)더컴퍼니(고양),구)더컴퍼니(고양),KT-VI
구)더컴퍼니(행신점),구)더컴퍼니(행신점),KT-VI
웅)더플레이,웅)더플레이,KT-VI
준)덕계리통신(양주),준)덕계리통신(양주),KT-VI
수)덕소루,수)덕소루,KT-VI
준)덤플,준)덤플,KT-VI
열)데오통신(부산),열)데오통신(부산),KT-VI
웅)도경글로벌,웅)도경글로벌,KT-VI
웅)도매시장(옥천),웅)도매시장(옥천),KT-VI
열)도매폰(광주),열)도매폰(광주),KT-VI
열)도매폰(광주오포),열)도매폰(광주오포),KT-VI
수)도매폰(다산),수)도매폰(다산),KT-VI
수)도매폰(미아),수)도매폰(미아),KT-VI
열)도매폰(수원),열)도매폰(수원),KT-VI
수)도매폰(의정부),수)도매폰(의정부),KT-VI
구)도연,구)도연,KT-VI
영)독도텔레콤(암사),영)독도텔레콤(암사),KT-VI
영)독도폰(경주),영)독도폰(경주),KT-VI
웅)돌고래통신,웅)돌고래통신,KT-VI
영)돌고래통신(쌍문점),영)돌고래통신(쌍문점),KT-VI
수)돌다리텔레콤(구리),수)돌다리텔레콤(구리),KT-VI
웅)동대문모바일,웅)동대문모바일,KT-VI
웅)동부나이스드림,웅)동부나이스드림,KT-VI
영)동신정보통신,영)동신정보통신,KT-VI
영)동이(송파),영)동이(송파),KT-VI
열)동탄2일등폰,열)동탄2일등폰,KT-VI
준)동탄호수공원,준)동탄호수공원,KT-VI
수)두리서(마석),수)두리서(마석),KT-VI
수)두리텔레콤(동작),수)두리텔레콤(동작),KT-VI
수)두용모바일(용문),수)두용모바일(용문),KT-VI
민)두청년,민)두청년,KT-VI
웅)두폰,웅)두폰,KT-VI
민)드림(부평),민)드림(부평),KT-VI
열)드림모바일(광주),열)드림모바일(광주),KT-VI
영)드림모바일(마산),영)드림모바일(마산),KT-VI
영)드림온정보통신,영)드림온정보통신,KT-VI
구)드림텔레콤(번동),구)드림텔레콤(번동),KT-VI
영)드림텔레콤(안산),영)드림텔레콤(안산),KT-VI
열)드림텔레콤(원주),열)드림텔레콤(원주),KT-VI
구)드림통신(구로),구)드림통신(구로),KT-VI
구)드림통신(전주),구)드림통신(전주),KT-VI
열)든든모바일(안산),열)든든모바일(안산),KT-VI
영)디비통신(동백점),영)디비통신(동백점),KT-VI
영)디비통신(용인),영)디비통신(용인),KT-VI
준)디에스(을지로),준)디에스(을지로),KT-VI
수)디에스모바일(별내),수)디에스모바일(별내),KT-VI
열)디에스솔루션(수원),열)디에스솔루션(수원),KT-VI
영)디에스컴퍼니(대전),영)디에스컴퍼니(대전),KT-VI
영)디제이모바일,영)디제이모바일,KT-VI
영)디지싸본점,영)디지싸본점,KT-VI
열)디피알(성남),열)디피알(성남),KT-VI
수)딩동댕이동통신,수)딩동댕이동통신,KT-VI
웅)딩딩모바일,웅)딩딩모바일,KT-VI
열)따르릉모바일(성남),열)따르릉모바일(성남),KT-VI
영)따베르나(용인),영)따베르나(용인),KT-VI
구)따봉통신(김제),구)따봉통신(김제),KT-VI
수)딸랑이통신,수)딸랑이통신,KT-VI
영)딸부자통신(원주),영)딸부자통신(원주),KT-VI
구)땅폰젤미점(김해),구)땅폰젤미점(김해),KT-VI
구)땡큐모바일(홍제),구)땡큐모바일(홍제),KT-VI
영)똥개텔레콤(부평),영)똥개텔레콤(부평),KT-VI
영)뚜뚜통신,영)뚜뚜통신,KT-VI
구)라나컴퓨터,구)라나컴퓨터,KT-VI
구)라니통신(정읍),구)라니통신(정읍),KT-VI
수)라라네트웍스(의정부),수)라라네트웍스(의정부),KT-VI
수)라라모바일(노원),수)라라모바일(노원),KT-VI
영)라라통신(수원),영)라라통신(수원),KT-VI
구)라베니체폰,구)라베니체폰,KT-VI
민)라온모바일(파주),민)라온모바일(파주),KT-VI
수)라임통신(관악),수)라임통신(관악),KT-VI
구)라피크모바일(중곡),구)라피크모바일(중곡),KT-VI
준)람경통신,준)람경통신,KT-VI
준)랍스마트폰,준)랍스마트폰,KT-VI
열)러브모바일(대전),열)러브모바일(대전),KT-VI
준)러화국제,준)러화국제,KT-VI
구)럭키정보통신,구)럭키정보통신,KT-VI
영)레드모바일,영)레드모바일,KT-VI
영)레드모바일(안동),영)레드모바일(안동),KT-VI
준)레전드,준)레전드,KT-VI
수)렐레(창동),수)렐레(창동),KT-VI
열)로또텔레콤(고척),열)로또텔레콤(고척),KT-VI
수)로원텔레콤(의정부),수)로원텔레콤(의정부),KT-VI
수)루시(길동),수)루시(길동),KT-VI
수)루아모바일(장현),수)루아모바일(장현),KT-VI
수)루키텔레콤(수진),수)루키텔레콤(수진),KT-VI
수)루하이모바일(청평),수)루하이모바일(청평),KT-VI
열)리더스텔레콤(교대점),열)리더스텔레콤(교대점),KT-VI
웅)리더정보통신(청주),웅)리더정보통신(청주),KT-VI
열)리사모바일(광주),열)리사모바일(광주),KT-VI
민)리아,민)리아,KT-VI
수)리치모바일(동대문),수)리치모바일(동대문),KT-VI
열)리프로젝트솔루션(창원),열)리프로젝트솔루션(창원),KT-VI
수)마루텔레콤(왕십리),수)마루텔레콤(왕십리),KT-VI
영)마마통신,영)마마통신,KT-VI
구)마모텔레콤(용산),구)마모텔레콤(용산),KT-VI
열)마이모바일(중랑),열)마이모바일(중랑),KT-VI
영)마이통신(고대점),영)마이통신(고대점),KT-VI
웅)마카롱통신,웅)마카롱통신,KT-VI
영)만월,영)만월,KT-VI
수)만평통신(대구),수)만평통신(대구),KT-VI
민)매니아MNC,민)매니아MNC,KT-VI
영)매직정보,영)매직정보,KT-VI
열)맥스컴퍼니(동탄),열)맥스컴퍼니(동탄),KT-VI
수)맨앤텔(테크노마트),수)맨앤텔(테크노마트),KT-VI
영)머천드코리아(마포),영)머천드코리아(마포),KT-VI
구)멀티샵(부안),구)멀티샵(부안),KT-VI
수)메가정보통신(동대문),수)메가정보통신(동대문),KT-VI
구)메리통신3호점(성남),구)메리통신3호점(성남),KT-VI
준)명당(신내),준)명당(신내),KT-VI
구)명선통신,구)명선통신,KT-VI
구)명성대박,구)명성대박,KT-VI
수)명성텔레콤(은평),수)명성텔레콤(은평),KT-VI
열)명진정보통신(광주),열)명진정보통신(광주),KT-VI
영)명텔레콤,영)명텔레콤,KT-VI
영)모두다,영)모두다,KT-VI
열)모두의폰(성남),열)모두의폰(성남),KT-VI
웅)모두통신(수원),웅)모두통신(수원),KT-VI
웅)모람통신,웅)모람통신,KT-VI
열)모바일라운지(용인),열)모바일라운지(용인),KT-VI
수)모바일랜드(고산),수)모바일랜드(고산),KT-VI
수)모바일랜드(이천),수)모바일랜드(이천),KT-VI
열)모바일박스(광주),열)모바일박스(광주),KT-VI
우)모바일샵 동천점,우)모바일샵 동천점,KT-VI
영)모바일샵(제천),영)모바일샵(제천),KT-VI
열)모바일스퀘어(대전),열)모바일스퀘어(대전),KT-VI
웅)모바일스토어(청주),웅)모바일스토어(청주),KT-VI
수)모바일제이,수)모바일제이,KT-VI
수)모바일카페 퇴계원,수)모바일카페 퇴계원,KT-VI
구)모바일패밀리(의정부),구)모바일패밀리(의정부),KT-VI
웅)모바일팩토리(수택),웅)모바일팩토리(수택),KT-VI
열)모바일팩토리(천안),열)모바일팩토리(천안),KT-VI
구)모바일팩토리(호평),구)모바일팩토리(호평),KT-VI
웅)모바일폰컴퍼니,웅)모바일폰컴퍼니,KT-VI
구)모비(연수구),구)모비(연수구),KT-VI
웅)모빌랜드,웅)모빌랜드,KT-VI
영)모퉁이,영)모퉁이,KT-VI
영)모현통신,영)모현통신,KT-VI
민)목감미래통신,민)목감미래통신,KT-VI
열)몬스터폰(성남),열)몬스터폰(성남),KT-VI
웅)몬텔,웅)몬텔,KT-VI
구)못말리는짱이폰(당진),구)못말리는짱이폰(당진),KT-VI
구)몽(울산),구)몽(울산),KT-VI
열)무지개컴퍼니(고양),열)무지개컴퍼니(고양),KT-VI
열)무지개컴퍼니(파주),열)무지개컴퍼니(파주),KT-VI
열)문텔레콤(행신),열)문텔레콤(행신),KT-VI
구)미나통신(구미),구)미나통신(구미),KT-VI
웅)미니텔레콤,웅)미니텔레콤,KT-VI
영)미래정보통신,영)미래정보통신,KT-VI
구)미르통신(동해),구)미르통신(동해),KT-VI
구)미르통신(부안),구)미르통신(부안),KT-VI
우)미소모바일,우)미소모바일,KT-VI
구)미소모바일(남동구),구)미소모바일(남동구),KT-VI
수)미소모바일(미사),수)미소모바일(미사),KT-VI
구)미소텔레콤(남촌동),구)미소텔레콤(남촌동),KT-VI
구)미소텔레콤(속초시),구)미소텔레콤(속초시),KT-VI
수)미소통신(삼양),수)미소통신(삼양),KT-VI
구)미소통신(상계),구)미소통신(상계),KT-VI
구)미소통신(중계),구)미소통신(중계),KT-VI
구)미소통신(회기),구)미소통신(회기),KT-VI
구)미스터모바일,구)미스터모바일,KT-VI
수)미스터모바일(상계),수)미스터모바일(상계),KT-VI
구)미스터심폰(김제),구)미스터심폰(김제),KT-VI
민)미카엘통신/M,민)미카엘통신/M,KT-VI
구)민정커뮤니케이션(구의),구)민정커뮤니케이션(구의),KT-VI
우)민주모바일,우)민주모바일,KT-VI
구)민지정보통신(안양),구)민지정보통신(안양),KT-VI
구)민텔레콤,구)민텔레콤,KT-VI
영)민텔레콤(제천),영)민텔레콤(제천),KT-VI
영)민호통신(대구),영)민호통신(대구),KT-VI
웅)믿음모바일,웅)믿음모바일,KT-VI
수)밀레니엄컴퓨터 광릉내,수)밀레니엄컴퓨터 광릉내,KT-VI
수)밀레니엄컴퓨터(송우리),수)밀레니엄컴퓨터(송우리),KT-VI
수)밀레니엄컴퓨터(향남),수)밀레니엄컴퓨터(향남),KT-VI
수)밍탕무역(용산),수)밍탕무역(용산),KT-VI
영)바나나모바일(진접),영)바나나모바일(진접),KT-VI
영)바나나모바일(호평),영)바나나모바일(호평),KT-VI
웅)바른(자양),웅)바른(자양),KT-VI
영)온누리통신,영)온누리통신,KT-VI
열)바른모바일(성남),열)바른모바일(성남),KT-VI
영)바른텔레콤(부평),영)바른텔레콤(부평),KT-VI
영)바른텔레콤(은평),영)바른텔레콤(은평),KT-VI
영)바른통신(망원),영)바른통신(망원),KT-VI
영)바른통신(음성),영)바른통신(음성),KT-VI
수)바른통신(지금),수)바른통신(지금),KT-VI
구)바울이동통신(익산),구)바울이동통신(익산),KT-VI
수)바인(월계),수)바인(월계),KT-VI
구)박강컴퍼니,구)박강컴퍼니,KT-VI
구)박군통신(고양),구)박군통신(고양),KT-VI
구)박상욱모바일,구)박상욱모바일,KT-VI
수)박카스텔레콤(왕십리),수)박카스텔레콤(왕십리),KT-VI
열)반달통신(진주),열)반달통신(진주),KT-VI
수)반히에우모바일,수)반히에우모바일,KT-VI
영)발아현미휴대폰,영)발아현미휴대폰,KT-VI
영)배가네(판교),영)배가네(판교),KT-VI
영)배가네(합정),영)배가네(합정),KT-VI
민)백곰모바일,민)백곰모바일,KT-VI
수)백마폰,수)백마폰,KT-VI
수)백마폰(일산),수)백마폰(일산),KT-VI
구)백제통신,구)백제통신,KT-VI
열)버스폰(광주),열)버스폰(광주),KT-VI
수)범경(별내),수)범경(별내),KT-VI
영)범이통신(세종),영)범이통신(세종),KT-VI
영)범텔레콤,영)범텔레콤,KT-VI
구)베스트모바일(천안),구)베스트모바일(천안),KT-VI
영)베스트텔레콤(춘천),영)베스트텔레콤(춘천),KT-VI
열)베스트통신(화성),열)베스트통신(화성),KT-VI
구)벳폰(안산),구)벳폰(안산),KT-VI
열)벼리정보통신(화순),열)벼리정보통신(화순),KT-VI
수)별통신(홍천),수)별통신(홍천),KT-VI
구)별해모바일 성성점(천안),구)별해모바일 성성점(천안),KT-VI
영)별해모바일(오송점),영)별해모바일(오송점),KT-VI
영)보경텔레콤(평택),영)보경텔레콤(평택),KT-VI
수)보담모바일(양평),수)보담모바일(양평),KT-VI
수)보람모바일(가정),수)보람모바일(가정),KT-VI
열)보배통신(광주),열)보배통신(광주),KT-VI
영)보성정보통신,영)보성정보통신,KT-VI
웅)보스,웅)보스,KT-VI
웅)봄봄(번동),웅)봄봄(번동),KT-VI
영)봄정보통신,영)봄정보통신,KT-VI
영)부산사상모바일(부산사상),영)부산사상모바일(부산사상),KT-VI
열)부산휴대폰성지폰甲(갑)알람폰개금점,열)부산휴대폰성지폰甲(갑)알람폰개금점,KT-VI
구)부자텔레콤,구)부자텔레콤,KT-VI
수)불티나통신(안동),수)불티나통신(안동),KT-VI
준)뷔통신(대전),준)뷔통신(대전),KT-VI
준)브라더,준)브라더,KT-VI
열)브이아이피텔레콤(제천),열)브이아이피텔레콤(제천),KT-VI
수)브이텀(다산),수)브이텀(다산),KT-VI
웅)블랙퀸,웅)블랙퀸,KT-VI
협력)비너,협력)비너,KT-VI
수)비디모바일(건대),수)비디모바일(건대),KT-VI
수)비알텔레콤(병점),수)비알텔레콤(병점),KT-VI
영)비엔모바일(부평),영)비엔모바일(부평),KT-VI
우)비엔통신,우)비엔통신,KT-VI
우)비젼텔레콤(중곡),우)비젼텔레콤(중곡),KT-VI
영)비젼통신(안양),영)비젼통신(안양),KT-VI
우)비젼플러스,우)비젼플러스,KT-VI
수)비타민텔레콤(청라),수)비타민텔레콤(청라),KT-VI
영)비티모바일(화성),영)비티모바일(화성),KT-VI
영)빅게임(미사점),영)빅게임(미사점),KT-VI
웅)빈모바일,웅)빈모바일,KT-VI
수)빈빈(건대),수)빈빈(건대),KT-VI
열)빈텔레콤(송파),열)빈텔레콤(송파),KT-VI
열)뽀로로모바일(인천),열)뽀로로모바일(인천),KT-VI
열)뽀로로모바일2호점(인천),열)뽀로로모바일2호점(인천),KT-VI
구)삐삐통신(정읍),구)삐삐통신(정읍),KT-VI
영)사계절통신,영)사계절통신,KT-VI
수)사계절폰(군포),수)사계절폰(군포),KT-VI
수)사계절폰(시흥),수)사계절폰(시흥),KT-VI
웅)사과모바일,웅)사과모바일,KT-VI
웅)사랑텔레콤(평창),웅)사랑텔레콤(평창),KT-VI
영)사랑통신(광주),영)사랑통신(광주),KT-VI
열)사하통신(부산),열)사하통신(부산),KT-VI
웅)산성텔레콤,웅)산성텔레콤,KT-VI
수)산성텔레콤(공주),수)산성텔레콤(공주),KT-VI
우)삼백통신,우)삼백통신,KT-VI
구)삼성스마트모바일(안양),구)삼성스마트모바일(안양),KT-VI
구)삼성플러스모바일(동작),구)삼성플러스모바일(동작),KT-VI
수)삼양프라자(미아),수)삼양프라자(미아),KT-VI
수)삼청통신(은평),수)삼청통신(은평),KT-VI
웅)상계폰폰폰,웅)상계폰폰폰,KT-VI
웅)상상트레이드,웅)상상트레이드,KT-VI
웅)새내모바일,웅)새내모바일,KT-VI
열)새론모바일(방화),열)새론모바일(방화),KT-VI
영)새별통신,영)새별통신,KT-VI
수)새봄모바일 (마석),수)새봄모바일 (마석),KT-VI
구)새봄통신,구)새봄통신,KT-VI
열)새솔11,열)새솔11,KT-VI
열)색깔텔레콤(성남),열)색깔텔레콤(성남),KT-VI
수)샛별정보통신 (인천),수)샛별정보통신 (인천),KT-VI
영)생생통신,영)생생통신,KT-VI
열)샤인모바일,열)샤인모바일,KT-VI
구)샴푸폰나라,구)샴푸폰나라,KT-VI
웅)서린글로벌,웅)서린글로벌,KT-VI
수)서브넷(당고개),수)서브넷(당고개),KT-VI
열)서안모바일,열)서안모바일,KT-VI
우)서이,우)서이,KT-VI
열)서준정보통신(포항),열)서준정보통신(포항),KT-VI
열)서하통신(청주),열)서하통신(청주),KT-VI
열)석영통신(여수),열)석영통신(여수),KT-VI
민)선모바일,민)선모바일,KT-VI
영)선봉모바일1호점,영)선봉모바일1호점,KT-VI
영)선봉모바일9호점,영)선봉모바일9호점,KT-VI
구)선정보통신,구)선정보통신,KT-VI
수)선중텔레콤(하남),수)선중텔레콤(하남),KT-VI
웅)선행통신,웅)선행통신,KT-VI
수)설아모바일(천호),수)설아모바일(천호),KT-VI
구)섬비서모바일(안산),구)섬비서모바일(안산),KT-VI
영)성공,영)성공,KT-VI
열)성공통신,열)성공통신,KT-VI
열)성남통신(금광점),열)성남통신(금광점),KT-VI
열)성남통신(성남),열)성남통신(성남),KT-VI
열)성남휴대폰성지(산성점),열)성남휴대폰성지(산성점),KT-VI
구)성성텔레콤(천안),구)성성텔레콤(천안),KT-VI
수)성신유통,수)성신유통,KT-VI
웅)성실모바일,웅)성실모바일,KT-VI
웅)성원텔레콤,웅)성원텔레콤,KT-VI
구)성지도매통신(강서구),구)성지도매통신(강서구),KT-VI
웅)성지모바일,웅)성지모바일,KT-VI
구)성지모바일(양주),구)성지모바일(양주),KT-VI
웅)성지요 동백점,웅)성지요 동백점,KT-VI
웅)성지요(옥수),웅)성지요(옥수),KT-VI
웅)성지요(의왕점),웅)성지요(의왕점),KT-VI
웅)성지요(인계점),웅)성지요(인계점),KT-VI
수)성진정보통신(광진구),수)성진정보통신(광진구),KT-VI
웅)성훈대박(송파),웅)성훈대박(송파),KT-VI
구)세계로통신(전주),구)세계로통신(전주),KT-VI
수)세교통신멀티샵(오산),수)세교통신멀티샵(오산),KT-VI
열)세린텔레콤,열)세린텔레콤,KT-VI
열)세븐모바일(동대문),열)세븐모바일(동대문),KT-VI
구)세븐모바일(청량리),구)세븐모바일(청량리),KT-VI
민)세븐텔레콤(면목),민)세븐텔레콤(면목),KT-VI
수)세상모든폰(암사),수)세상모든폰(암사),KT-VI
수)세연통신,수)세연통신,KT-VI
구)세은통신(원주),구)세은통신(원주),KT-VI
준)세이브통신,준)세이브통신,KT-VI
수)세인텔레콤(을지로),수)세인텔레콤(을지로),KT-VI
구)센텀모바일(하남),구)센텀모바일(하남),KT-VI
영)셀텍(망원),영)셀텍(망원),KT-VI
영)셀폰모바일(경주),영)셀폰모바일(경주),KT-VI
웅)셀프메이드,웅)셀프메이드,KT-VI
구)소녀폰 군산점,구)소녀폰 군산점,KT-VI
수)소리샘텔레콤(수원),수)소리샘텔레콤(수원),KT-VI
구)소리이동통신(전주),구)소리이동통신(전주),KT-VI
영)소미스토리(춘천),영)소미스토리(춘천),KT-VI
열)소중한선택(광주),열)소중한선택(광주),KT-VI
영)소중한휴대폰(천안불당),영)소중한휴대폰(천안불당),KT-VI
웅)솜모바일,웅)솜모바일,KT-VI
구)송이통신,구)송이통신,KT-VI
열)송정본가(이천),열)송정본가(이천),KT-VI
우)수글로벌,우)수글로벌,KT-VI
수)수엔 사라스마트폰,수)수엔 사라스마트폰,KT-VI
열)수엠비(영암),열)수엠비(영암),KT-VI
준)수연텔레콤,준)수연텔레콤,KT-VI
준)수원통신/M,준)수원통신/M,KT-VI
열)수정통신(대전),열)수정통신(대전),KT-VI
민)수진인피니티,민)수진인피니티,KT-VI
웅)수진정보통신,웅)수진정보통신,KT-VI
수)수진텔레콤(성남),수)수진텔레콤(성남),KT-VI
웅)수현정보통신,웅)수현정보통신,KT-VI
수)순돌이모바일(청라),수)순돌이모바일(청라),KT-VI
수)숲텔레콤,수)숲텔레콤,KT-VI
영)슈텔레콤(마포),영)슈텔레콤(마포),KT-VI
수)슈퍼맨텔레콤(부산동래점),수)슈퍼맨텔레콤(부산동래점),KT-VI
수)슈퍼맨텔레콤(창원마산),수)슈퍼맨텔레콤(창원마산),KT-VI
구)슈퍼폰,구)슈퍼폰,KT-VI
구)스레이럿모바일,구)스레이럿모바일,KT-VI
열)스마일텔레콤(여주),열)스마일텔레콤(여주),KT-VI
구)스마일티,구)스마일티,KT-VI
열)스마트419/M,열)스마트419/M,KT-VI
수)스마트면세점(능곡점),수)스마트면세점(능곡점),KT-VI
민)스마트정석,민)스마트정석,KT-VI
열)스마트통신,열)스마트통신,KT-VI
수)스마트통신(석남),수)스마트통신(석남),KT-VI
구)스마트폰면세점초당점(안산),구)스마트폰면세점초당점(안산),KT-VI
구)스마트폰면세점 한양대점(안산),구)스마트폰면세점 한양대점(안산),KT-VI
열)스마트폰면세점(예산),열)스마트폰면세점(예산),KT-VI
구)스마트폰면세점사동본점주식회사(안산),구)스마트폰면세점사동본점주식회사(안산),KT-VI
수)스마트한폰세상(길동),수)스마트한폰세상(길동),KT-VI
수)스마트k(공릉),수)스마트k(공릉),KT-VI
수)스카이(뚝섬),수)스카이(뚝섬),KT-VI
영)스카이모바일(평택),영)스카이모바일(평택),KT-VI
웅)스카이블루(이문),웅)스카이블루(이문),KT-VI
민)스카이정보통신(장곡),민)스카이정보통신(장곡),KT-VI
수)스타모바일(안산),수)스타모바일(안산),KT-VI
영)스타정보,영)스타정보,KT-VI
준)스타통신(천안),준)스타통신(천안),KT-VI
열)스피드작전점(인천),열)스피드작전점(인천),KT-VI
수)스피드텔레콤(매탄),수)스피드텔레콤(매탄),KT-VI
영)스피드텔레콤(병점),영)스피드텔레콤(병점),KT-VI
영)스피드텔레콤(오목천점),영)스피드텔레콤(오목천점),KT-VI
열)승구텔레콤(창원),열)승구텔레콤(창원),KT-VI
준)승승장구,준)승승장구,KT-VI
구)시네마통신2호점,구)시네마통신2호점,KT-VI
우)시아통신,우)시아통신,KT-VI
열)시원모바일(동탄),열)시원모바일(동탄),KT-VI
수)시월모바일(공주),수)시월모바일(공주),KT-VI
수)시은모바일(화성),수)시은모바일(화성),KT-VI
웅)시티텔레콤,웅)시티텔레콤,KT-VI
수)시현통신(삼양),수)시현통신(삼양),KT-VI
수)신광통신(장현),수)신광통신(장현),KT-VI
영)신기통신(대구),영)신기통신(대구),KT-VI
영)신도림도매폰진접,영)신도림도매폰진접,KT-VI
영)신동텔레콤(대구),영)신동텔레콤(대구),KT-VI
구)신사임당(경주),구)신사임당(경주),KT-VI
열)신성(난곡),열)신성(난곡),KT-VI
열)신성남정보통신,열)신성남정보통신,KT-VI
영)신성모바일(안양),영)신성모바일(안양),KT-VI
준)신세계(당고개),준)신세계(당고개),KT-VI
구)신세계(서초),구)신세계(서초),KT-VI
수)신세계이동통신(부천),수)신세계이동통신(부천),KT-VI
수)신세계통신(대전),수)신세계통신(대전),KT-VI
우)신애통신,우)신애통신,KT-VI
수)신영통신(동두천),수)신영통신(동두천),KT-VI
우)신우정보,우)신우정보,KT-VI
영)신터미널이동통신(속초),영)신터미널이동통신(속초),KT-VI
영)신텔레콤,영)신텔레콤,KT-VI
웅)신화텔레콤,웅)신화텔레콤,KT-VI
수)신화텔레콤(암사),수)신화텔레콤(암사),KT-VI
열)신화하이스트,열)신화하이스트,KT-VI
열)신후커뮤니케이션(화성),열)신후커뮤니케이션(화성),KT-VI
수)신흥텔레콤,수)신흥텔레콤,KT-VI
영)심곡텔레콤(인천),영)심곡텔레콤(인천),KT-VI
웅)심코리아,웅)심코리아,KT-VI
수)싸다폰(산본),수)싸다폰(산본),KT-VI
구)싼타모바일,구)싼타모바일,KT-VI
수)싼폰(덕소),수)싼폰(덕소),KT-VI
구)쌍둥이폰가게(김해),구)쌍둥이폰가게(김해),KT-VI
구)쌍문텔레콤,구)쌍문텔레콤,KT-VI
영)써니모바일(수원),영)써니모바일(수원),KT-VI
웅)써니통신,웅)써니통신,KT-VI
준)썬다롱텔레콤,준)썬다롱텔레콤,KT-VI
영)썬정보통신(부천),영)썬정보통신(부천),KT-VI
민)썬플러스,민)썬플러스,KT-VI
민)씨스타모바일(영등포),민)씨스타모바일(영등포),KT-VI
영)씨씨인베스트먼트,영)씨씨인베스트먼트,KT-VI
영)씨씨클라쓰(주),영)씨씨클라쓰(주),KT-VI
영)씨앤씨모바일,영)씨앤씨모바일,KT-VI
영)씨앤씨모바일(천안),영)씨앤씨모바일(천안),KT-VI
영)씨에이치모바일,영)씨에이치모바일,KT-VI
민)씨엔아이통신(부천),민)씨엔아이통신(부천),KT-VI
웅)씨엠알모바일,웅)씨엠알모바일,KT-VI
원)씨티와이(안산),원)씨티와이(안산),KT-VI
수)씽씽모바일(청라),수)씽씽모바일(청라),KT-VI
영)씽씽텔레콤,영)씽씽텔레콤,KT-VI
열)아남정보통신,열)아남정보통신,KT-VI
구)아라라트(오류동),구)아라라트(오류동),KT-VI
영)아름텔레콤(구로),영)아름텔레콤(구로),KT-VI
영)아민트레이드,영)아민트레이드,KT-VI
수)아벤커뮤니케이션즈(발안),수)아벤커뮤니케이션즈(발안),KT-VI
웅)아빠통신(수원),웅)아빠통신(수원),KT-VI
수)아산텔레콤(아산),수)아산텔레콤(아산),KT-VI
웅)아시아모바일(김해),웅)아시아모바일(김해),KT-VI
수)아시아텔레콤(안산),수)아시아텔레콤(안산),KT-VI
웅)아워스,웅)아워스,KT-VI
우)아이디오,우)아이디오,KT-VI
영)아이박스24(안산),영)아이박스24(안산),KT-VI
수)아이원통신(인천),수)아이원통신(인천),KT-VI
열)아이티마켓(광주),열)아이티마켓(광주),KT-VI
수)아이티통신(동대문),수)아이티통신(동대문),KT-VI
구)아이폰브라더스(양주),구)아이폰브라더스(양주),KT-VI
민)아이폰수리점,민)아이폰수리점,KT-VI
구)아이픽스굿(동해),구)아이픽스굿(동해),KT-VI
준)아정네트웍스(부산),준)아정네트웍스(부산),KT-VI
열)아트모바일(신월동),열)아트모바일(신월동),KT-VI
열)아트정보통신(광주),열)아트정보통신(광주),KT-VI
수)아프로(왕십리),수)아프로(왕십리),KT-VI
구)아프리디,구)아프리디,KT-VI
열)아프리카폰(군포산본점),열)아프리카폰(군포산본점),KT-VI
열)아프리카폰(오산),열)아프리카폰(오산),KT-VI
수)아형폰(영등포),수)아형폰(영등포),KT-VI
영)안득휴대폰(부평),영)안득휴대폰(부평),KT-VI
열)안성모바일(안성),열)안성모바일(안성),KT-VI
열)알뜰모바일(대구),열)알뜰모바일(대구),KT-VI
구)알뜰온통신(독산),구)알뜰온통신(독산),KT-VI
웅)알뜰통신(대구),웅)알뜰통신(대구),KT-VI
준)알뜰폰(제주),준)알뜰폰(제주),KT-VI
웅)알뜰폰정류장(대구),웅)알뜰폰정류장(대구),KT-VI
준)알뜰폰패밀리(세종),준)알뜰폰패밀리(세종),KT-VI
준)알뜰휴대폰(안성),준)알뜰휴대폰(안성),KT-VI
준)알뜰휴대폰(평택),준)알뜰휴대폰(평택),KT-VI
열)알람폰수영점(부산),열)알람폰수영점(부산),KT-VI
우)알로통신,우)알로통신,KT-VI
우)알로통신(안산),우)알로통신(안산),KT-VI
웅)알로하모바일,웅)알로하모바일,KT-VI
영)알투모바일(수원),영)알투모바일(수원),KT-VI
수)알파정보통신(동인천),수)알파정보통신(동인천),KT-VI
열)알파통신,열)알파통신,KT-VI
구)압정통신,구)압정통신,KT-VI
영)애니콜(광주),영)애니콜(광주),KT-VI
민)애니콜프라자,민)애니콜프라자,KT-VI
구)애니통신&앤언니,구)애니통신&앤언니,KT-VI
웅)애플(김해),웅)애플(김해),KT-VI
수)애플정보통신(대구),수)애플정보통신(대구),KT-VI
구)액세스모바일(진접),구)액세스모바일(진접),KT-VI
열)앤모바일(분당),열)앤모바일(분당),KT-VI
구)앤트피디,구)앤트피디,KT-VI
우)양가스토어,우)양가스토어,KT-VI
영)양덕원통신(홍천),영)양덕원통신(홍천),KT-VI
수)양산아저씨,수)양산아저씨,KT-VI
영)어니언(은평),영)어니언(은평),KT-VI
우)어라운드비,우)어라운드비,KT-VI
웅)어썸(면목),웅)어썸(면목),KT-VI
웅)어썸아이앤티,웅)어썸아이앤티,KT-VI
민)어진모바일(구리),민)어진모바일(구리),KT-VI
영)엄지텔레콤(부평),영)엄지텔레콤(부평),KT-VI
우)엄청텔레콤,우)엄청텔레콤,KT-VI
수)에덴비젼(방화),수)에덴비젼(방화),KT-VI
우)에밀리무역,우)에밀리무역,KT-VI
영)에비모바일,영)에비모바일,KT-VI
민)에스디컴퍼니,민)에스디컴퍼니,KT-VI
열)에스비모바일(제천),열)에스비모바일(제천),KT-VI
구)에스씨컴퍼니(청주),구)에스씨컴퍼니(청주),KT-VI
구)에스아이,구)에스아이,KT-VI
수)에스앤에이치(공릉),수)에스앤에이치(공릉),KT-VI
영)에스에이치모바일(구리),영)에스에이치모바일(구리),KT-VI
구)에스엠모바일,구)에스엠모바일,KT-VI
웅)에스엠스토어,웅)에스엠스토어,KT-VI
수)에스엠컴퍼니,수)에스엠컴퍼니,KT-VI
수)에스와이(금곡),수)에스와이(금곡),KT-VI
열)에스와이(하남),열)에스와이(하남),KT-VI
영)에스지텔레콤(부천),영)에스지텔레콤(부천),KT-VI
민)에스지프렌즈(장곡),민)에스지프렌즈(장곡),KT-VI
열)에스지피플(중랑),열)에스지피플(중랑),KT-VI
민)에스케이엠비(리더스),민)에스케이엠비(리더스),KT-VI
구)에스케이텔레콤 한백경원점(고창),구)에스케이텔레콤 한백경원점(고창),KT-VI
준)에스피커뮤니티,준)에스피커뮤니티,KT-VI
열)에스피텔레콤(송파),열)에스피텔레콤(송파),KT-VI
웅)에이스통신(광주),웅)에이스통신(광주),KT-VI
열)에이스통신(대전),열)에이스통신(대전),KT-VI
열)에이스휴대폰성지(김해),열)에이스휴대폰성지(김해),KT-VI
수)에이원(문성),수)에이원(문성),KT-VI
수)에이원(상모),수)에이원(상모),KT-VI
열)에이치네트웍스(송파),열)에이치네트웍스(송파),KT-VI
준)에이치모바일(도봉),준)에이치모바일(도봉),KT-VI
우)에이치모바일(향남),우)에이치모바일(향남),KT-VI
구)에이치비컴퍼니(번동),구)에이치비컴퍼니(번동),KT-VI
수)에이치비텔레콤(구리),수)에이치비텔레콤(구리),KT-VI
수)에이치비텔레콤(호평),수)에이치비텔레콤(호평),KT-VI
영)에이치엘모바일(수원),영)에이치엘모바일(수원),KT-VI
민)에이치와이/M,민)에이치와이/M,KT-VI
민)에이치케이티샵(주),민)에이치케이티샵(주),KT-VI
수)에이치통신(파주),수)에이치통신(파주),KT-VI
열)에이치투오정보통신,열)에이치투오정보통신,KT-VI
우)에이투젯 휴대폰,우)에이투젯 휴대폰,KT-VI
열)에이플러스(2호점),열)에이플러스(2호점),KT-VI
영)에이피(부천),영)에이피(부천),KT-VI
구)에코페이,구)에코페이,KT-VI
영)에코폰(평택점),영)에코폰(평택점),KT-VI
열)엔네트,열)엔네트,KT-VI
수)엔모바일(오산),수)엔모바일(오산),KT-VI
우)엔씨정보,우)엔씨정보,KT-VI
구)엔씨통신(마북점),구)엔씨통신(마북점),KT-VI
구)엔케이모바일,구)엔케이모바일,KT-VI
웅)엔터컴주식회사(김해),웅)엔터컴주식회사(김해),KT-VI
영)엘림,영)엘림,KT-VI
수)엘비통신(신내),수)엘비통신(신내),KT-VI
열)엘에스티,열)엘에스티,KT-VI
영)엘엠글로벌,영)엘엠글로벌,KT-VI
구)엘제이모바일(부산),구)엘제이모바일(부산),KT-VI
웅)엘제이텔레콤(대전),웅)엘제이텔레콤(대전),KT-VI
영)엘케이모바일(산본),영)엘케이모바일(산본),KT-VI
웅)엘티모바일(대전),웅)엘티모바일(대전),KT-VI
수)엠넷(세종),수)엠넷(세종),KT-VI
영)엠비에스포스원,영)엠비에스포스원,KT-VI
영)엠앤에이모바일(평택),영)엠앤에이모바일(평택),KT-VI
웅)엠에스(수내),웅)엠에스(수내),KT-VI
열)엠에스정보통신(성남),열)엠에스정보통신(성남),KT-VI
열)엠에스텔레콤(안양),열)엠에스텔레콤(안양),KT-VI
민)엠에스플러스/M,민)엠에스플러스/M,KT-VI
웅)엠원,웅)엠원,KT-VI
수)엠제이모바일(석남),수)엠제이모바일(석남),KT-VI
구)엠존,구)엠존,KT-VI
열)엠지핸드폰(봉담),열)엠지핸드폰(봉담),KT-VI
수)엠케이모바일,수)엠케이모바일,KT-VI
열)엠케이스타(송파),열)엠케이스타(송파),KT-VI
민)엠텔레콤(장안),준)엠텔레콤(장안),KT-VI
영)엠티케이모바일(평택),영)엠티케이모바일(평택),KT-VI
웅)여름텔레콤,웅)여름텔레콤,KT-VI
수)여우통신(전곡),수)여우통신(전곡),KT-VI
열)여주통신(여주),열)여주통신(여주),KT-VI
열)역말이동통신,열)역말이동통신,KT-VI
영)연모바일,영)연모바일,KT-VI
구)연모바일(부산),구)연모바일(부산),KT-VI
열)연세통신(성남),열)연세통신(성남),KT-VI
영)연합통신,영)연합통신,KT-VI
영)영대중고폰,영)영대중고폰,KT-VI
수)영등포성지(영등포),수)영등포성지(영등포),KT-VI
열)영모바일(천안),열)영모바일(천안),KT-VI
영)영사운드(용산),영)영사운드(용산),KT-VI
수)영산업(산본),수)영산업(산본),KT-VI
영)영석정보통신,영)영석정보통신,KT-VI
구)영우정보통신(광주),구)영우정보통신(광주),KT-VI
구)영원OA통신,구)영원OA통신,KT-VI
수)영종국제통신(인천),수)영종국제통신(인천),KT-VI
영)영천아시아폰마트(영천),영)영천아시아폰마트(영천),KT-VI
영)영텔레콤(이천),영)영텔레콤(이천),KT-VI
열)영통신(인천),열)영통신(인천),KT-VI
영)옆커폰 노원점,영)옆커폰 노원점,KT-VI
영)옆커폰(강동점),영)옆커폰(강동점),KT-VI
영)옆커폰(금곡점),영)옆커폰(금곡점),KT-VI
영)옆커폰(길음점),영)옆커폰(길음점),KT-VI
영)옆커폰(내발산점),영)옆커폰(내발산점),KT-VI
영)옆커폰(단대오거리점),영)옆커폰(단대오거리점),KT-VI
영)옆커폰(답십리점),영)옆커폰(답십리점),KT-VI
영)옆커폰(대전봉명점),영)옆커폰(대전봉명점),KT-VI
영)옆커폰(대전시청점),영)옆커폰(대전시청점),KT-VI
영)옆커폰(상일점),영)옆커폰(상일점),KT-VI
영)옆커폰(서울중곡본점),영)옆커폰(서울중곡본점),KT-VI
영)옆커폰(수원남문점),영)옆커폰(수원남문점),KT-VI
영)옆커폰(신내점),영)옆커폰(신내점),KT-VI
영)옆커폰(신정점),영)옆커폰(신정점),KT-VI
영)옆커폰(쌍문점),영)옆커폰(쌍문점),KT-VI
영)옆커폰(옥정점),영)옆커폰(옥정점),KT-VI
영)옆커폰(왕십리점),영)옆커폰(왕십리점),KT-VI
영)옆커폰(중곡점),영)옆커폰(중곡점),KT-VI
영)옆커폰(천안가경점),영)옆커폰(천안가경점),KT-VI
영)옆커폰(천안불당점),영)옆커폰(천안불당점),KT-VI
영)옆커폰(천안탕정점),영)옆커폰(천안탕정점),KT-VI
영)옆커폰(청주강서점),영)옆커폰(청주강서점),KT-VI
영)옆커폰(청주동남점),영)옆커폰(청주동남점),KT-VI
영)옆커폰(청주사창점),영)옆커폰(청주사창점),KT-VI
영)옆커폰(청주율량점),영)옆커폰(청주율량점),KT-VI
영)옆커폰(청파점),영)옆커폰(청파점),KT-VI
구)예스모바일(남원),구)예스모바일(남원),KT-VI
수)예스정보통신(오남),수)예스정보통신(오남),KT-VI
수)예원(김포),수)예원(김포),KT-VI
구)오거리통신(안양),구)오거리통신(안양),KT-VI
열)오늘의스팟,열)오늘의스팟,KT-VI
영)오디텔레콤,영)오디텔레콤,KT-VI
구)오라컴퍼니(안산),구)오라컴퍼니(안산),KT-VI
영)오라텔레콤2호점,영)오라텔레콤2호점,KT-VI
구)오랜지(화천),구)오랜지(화천),KT-VI
수)오랜지텔레콤(길동),수)오랜지텔레콤(길동),KT-VI
구)오렌지모바일(군산시),구)오렌지모바일(군산시),KT-VI
구)오렌지컴퓨터(화성),구)오렌지컴퓨터(화성),KT-VI
영)오롯이텔레콤(수원),영)오롯이텔레콤(수원),KT-VI
구)오메가정보통신,구)오메가정보통신,KT-VI
준)오복통신(동탄),준)오복통신(동탄),KT-VI
구)오수정보통신(임실),구)오수정보통신(임실),KT-VI
구)오조호조,구)오조호조,KT-VI
영)오칠(하남),영)오칠(하남),KT-VI
웅)오케이모바일,웅)오케이모바일,KT-VI
수)오케이중고폰(원당),수)오케이중고폰(원당),KT-VI
수)오케이중고할인마트(강서),수)오케이중고할인마트(강서),KT-VI
열)오케이텔레콤(안성),열)오케이텔레콤(안성),KT-VI
수)오투모바일(검단),수)오투모바일(검단),KT-VI
열)오픈모바일(광주),열)오픈모바일(광주),KT-VI
영)옥천휴대폰(옥천),영)옥천휴대폰(옥천),KT-VI
영)온천텔레콤(부산온천),영)온천텔레콤(부산온천),KT-VI
구)올폰컴퍼니(진주),구)올폰컴퍼니(진주),KT-VI
수)와우통신(성남),수)와우통신(성남),KT-VI
구)와이에스(창원),구)와이에스(창원),KT-VI
구)와이엠모바일(군산),구)와이엠모바일(군산),KT-VI
구)와이제이모바일(하남),구)와이제이모바일(하남),KT-VI
구)와이제이컴퍼니(하남),구)와이제이컴퍼니(하남),KT-VI
구)와이즈,구)와이즈,KT-VI
열)완도통신(완도),열)완도통신(완도),KT-VI
민)왕대박모바일(부천),민)왕대박모바일(부천),KT-VI
영)외국인마트(이천),영)외국인마트(이천),KT-VI
열)외대통신,열)외대통신,KT-VI
열)용인텔레콤,열)용인텔레콤,KT-VI
구)우기통신(안양),구)우기통신(안양),KT-VI
열)우리동네텔레콤(천안),열)우리동네텔레콤(천안),KT-VI
열)우리통신(광주),열)우리통신(광주),KT-VI
구)우리형스마트폰(미아),구)우리형스마트폰(미아),KT-VI
열)우씨통신(창원),열)우씨통신(창원),KT-VI
열)우여사텔레콤,열)우여사텔레콤,KT-VI
수)우원모바일(양산),수)우원모바일(양산),KT-VI
수)우윈스(구미),수)우윈스(구미),KT-VI
수)우윈스(수원),수)우윈스(수원),KT-VI
수)우주통신(길동),수)우주통신(길동),KT-VI
구)우주통신(속초시),구)우주통신(속초시),KT-VI
웅)우진,웅)우진,KT-VI
우)운정아저씨,우)운정아저씨,KT-VI
구)울산폰마트,구)울산폰마트,KT-VI
우)웅쭈노리퍼블릭,우)웅쭈노리퍼블릭,KT-VI
열)워니통신(남양주),열)워니통신(남양주),KT-VI
영)원모바일,영)원모바일,KT-VI
구)원모바일(안양),구)원모바일(안양),KT-VI
열)원스텝(강북),열)원스텝(강북),KT-VI
웅)원탑(금곡),웅)원탑(금곡),KT-VI
영)원탑모바일(전주),영)원탑모바일(전주),KT-VI
웅)원통신,웅)원통신,KT-VI
수)월드(송우리),수)월드(송우리),KT-VI
수)월드모바일(안산),수)월드모바일(안산),KT-VI
열)월드전자랜드,열)월드전자랜드,KT-VI
열)월드통신(고척),열)월드통신(고척),KT-VI
구)월드폰(경주),구)월드폰(경주),KT-VI
열)월드폰(용인),열)월드폰(용인),KT-VI
구)월드폰(원주),구)월드폰(원주),KT-VI
구)월드폰3,구)월드폰3,KT-VI
열)월드푸드마트(광주),열)월드푸드마트(광주),KT-VI
웅)웰빙통신,웅)웰빙통신,KT-VI
열)위너텔레콤(대전),열)위너텔레콤(대전),KT-VI
수)윈모바일(전곡),수)윈모바일(전곡),KT-VI
열)윈스토어,열)윈스토어,KT-VI
열)윈텔레콤,열)윈텔레콤,KT-VI
협력)유가통신,협력)유가통신,KT-VI
구)유나통신로또(도봉),구)유나통신로또(도봉),KT-VI
수)유노텔레콤,수)유노텔레콤,KT-VI
수)유니모바일(오남),수)유니모바일(오남),KT-VI
웅)유니버셜모빌리티(김해),웅)유니버셜모빌리티(김해),KT-VI
열)유니통신(광주),열)유니통신(광주),KT-VI
영)유림(수원),영)유림(수원),KT-VI
구)유성통신,구)유성통신,KT-VI
민)유앤소프트,민)유앤소프트,KT-VI
구)좋은회사주식회사(대화점),구)좋은회사주식회사(대화점),KT-VI
영)유엔통신,영)유엔통신,KT-VI
민)유이텔레콤(염창),민)유이텔레콤(염창),KT-VI
구)유진상사(구로),구)유진상사(구로),KT-VI
민)유진정보,민)유진정보,KT-VI
수)유케이씨(오남),수)유케이씨(오남),KT-VI
수)유플러스텔레콤,수)유플러스텔레콤,KT-VI
협력)유피,협력)유피,KT-VI
수)유한회사라인업글로벌(부산),수)유한회사라인업글로벌(부산),KT-VI
민)윤샵(울산),민)윤샵(울산),KT-VI
열)윤이나텔레콤(화성),열)윤이나텔레콤(화성),KT-VI
영)윤주정보통신,영)윤주정보통신,KT-VI
수)윤텔레콤(안동),수)윤텔레콤(안동),KT-VI
구)윤현통신(파주),구)윤현통신(파주),KT-VI
웅)율리정보통신,웅)율리정보통신,KT-VI
열)으뜸네트워크,열)으뜸네트워크,KT-VI
구)으뜸통신(안양),구)으뜸통신(안양),KT-VI
구)은갱텔레콤,구)은갱텔레콤,KT-VI
구)의형제,구)의형제,KT-VI
우)이노모바일,우)이노모바일,KT-VI
영)이니코,영)이니코,KT-VI
구)이다글로벌,구)이다글로벌,KT-VI
수)이담통신(동두천),수)이담통신(동두천),KT-VI
수)이동통신프라자(송우),수)이동통신프라자(송우),KT-VI
열)이련통신(서대문),열)이련통신(서대문),KT-VI
열)이루다(오산),열)이루다(오산),KT-VI
구)이룸(은평),구)이룸(은평),KT-VI
영)이비모바일(수원),영)이비모바일(수원),KT-VI
구)이순신텔레콤(천안),구)이순신텔레콤(천안),KT-VI
웅)이시스헬프,웅)이시스헬프,KT-VI
열)이씨통신,열)이씨통신,KT-VI
수)이안모바일(청라),수)이안모바일(청라),KT-VI
준)이앤케이(인천),준)이앤케이(인천),KT-VI
열)이에스마켓(성남),열)이에스마켓(성남),KT-VI
열)이오모바일,열)이오모바일,KT-VI
수)이원텔레콤(의정부),수)이원텔레콤(의정부),KT-VI
구)이즈앱(김해),구)이즈앱(김해),KT-VI
웅)이지컴퍼니,웅)이지컴퍼니,KT-VI
웅)이지컴퍼니(남동구),웅)이지컴퍼니(남동구),KT-VI
열)이천본가(이천),열)이천본가(이천),KT-VI
영)이천시통신,영)이천시통신,KT-VI
웅)이천원탑,웅)이천원탑,KT-VI
구)이테르(일산),구)이테르(일산),KT-VI
영)이펑휴대폰가게(평택),영)이펑휴대폰가게(평택),KT-VI
웅)이화정보통신(대전),웅)이화정보통신(대전),KT-VI
민)이환텔레콤,민)이환텔레콤,KT-VI
수)인스토어(포천),수)인스토어(포천),KT-VI
영)인아정보(안산),영)인아정보(안산),KT-VI
수)인피니티(덕소),수)인피니티(덕소),KT-VI
열)일등모바일(광주),열)일등모바일(광주),KT-VI
영)일통(대전),영)일통(대전),KT-VI
영)임란모바일,영)임란모바일,KT-VI
영)자매통신(다산),영)자매통신(다산),KT-VI
웅)자몰마켓,영)자몰마켓,KT-VI
영)자몰마켓글로벌,영)자몰마켓글로벌,KT-VI
열)잡스네폰카페(이천),열)잡스네폰카페(이천),KT-VI
수)잡스폰마트,수)잡스폰마트,KT-VI
열)장군(금천),열)장군(금천),KT-VI
민)장승정보,민)장승정보,KT-VI
열)장흥통신(장흥),열)장흥통신(장흥),KT-VI
웅)재기통신,웅)재기통신,KT-VI
구)재하의세상,구)재하의세상,KT-VI
웅)전국텔레콤(김해),웅)전국텔레콤(김해),KT-VI
민)점보텔레콤,민)점보텔레콤,KT-VI
구)정연텔레콤,구)정연텔레콤,KT-VI
민)정직한모바일(인천)/M,민)정직한모바일(인천)/M,KT-VI
구)정직한스토리(미아),구)정직한스토리(미아),KT-VI
수)정직한휴대폰(오남),수)정직한휴대폰(오남),KT-VI
열)정텔레콤(여주),열)정텔레콤(여주),KT-VI
수)정텔레콤(지금),수)정텔레콤(지금),KT-VI
구)제로(관악),구)제로(관악),KT-VI
구)제로모바일,구)제로모바일,KT-VI
영)제로모바일(춘천),영)제로모바일(춘천),KT-VI
구)제로모바일2호점,구)제로모바일2호점,KT-VI
준)제미니그룹주식회사,준)제미니그룹주식회사,KT-VI
웅)제은통신,웅)제은통신,KT-VI
웅)제이모바일,웅)제이모바일,KT-VI
웅)제이모바일(마산),웅)제이모바일(마산),KT-VI
구)제이비모바일(광주),구)제이비모바일(광주),KT-VI
준)제이씨(영통점),준)제이씨(영통점),KT-VI
영)제이씨통신(석관동),영)제이씨통신(석관동),KT-VI
열)제이앤제이모바일(부산),열)제이앤제이모바일(부산),KT-VI
수)제이에스(명일),수)제이에스(명일),KT-VI
민)제이엔비통신(김포),민)제이엔비통신(김포),KT-VI
준)제이엠네트웍스(전주),준)제이엠네트웍스(전주),KT-VI
웅)제이엠넷,웅)제이엠넷,KT-VI
웅)제이엠모바일(신도림),웅)제이엠모바일(신도림),KT-VI
구)제이엠통신(광진구),구)제이엠통신(광진구),KT-VI
구)제이와이컴퍼니(건대),구)제이와이컴퍼니(건대),KT-VI
수)제이와이텔레콤,수)제이와이텔레콤,KT-VI
구)제이이동통신(속초),구)제이이동통신(속초),KT-VI
수)제이정보통신(인천),수)제이정보통신(인천),KT-VI
준)제이제이,준)제이제이,KT-VI
열)제이제이(오산),열)제이제이(오산),KT-VI
웅)제이제이네트웍스,웅)제이제이네트웍스,KT-VI
수)제이제이모바일(동탄),수)제이제이모바일(광교),KT-VI
열)제이컴퍼니(마포),열)제이컴퍼니(마포),KT-VI
우)제이케이모바일,우)제이케이모바일,KT-VI
수)제이텔레콤(공주),수)제이텔레콤(공주),KT-VI
열)제이텔레콤(중랑),열)제이텔레콤(중랑),KT-VI
구)제이투케이,구)제이투케이,KT-VI
준)제이플러스(망월사),준)제이플러스(망월사),KT-VI
열)제이피모바일,열)제이피모바일,KT-VI
구)조아텔레콤,구)조아텔레콤,KT-VI
열)조은통신(대전),열)조은통신(대전),KT-VI
열)조은통신2(대전),열)조은통신2(대전),KT-VI
웅)조이모바일,웅)조이모바일,KT-VI
웅)조이텔레콤(대전),웅)조이텔레콤(대전),KT-VI
영)조프(장위),영)조프(장위),KT-VI
구)종걸모바일(중계),구)종걸모바일(중계),KT-VI
웅)종로프라자,웅)종로프라자,KT-VI
열)종합텔레콤(성남),열)종합텔레콤(성남),KT-VI
구)좋은선택주식회사,구)좋은선택주식회사,KT-VI
구)주니통신,구)주니통신,KT-VI
구)주모바일,구)주모바일,KT-VI
구)주식회사민국통신(전주),구)주식회사민국통신(전주),KT-VI
구)주식회사브이케이그룹(대전),구)주식회사브이케이그룹(대전),KT-VI
구)주식회사올인정보통신(고양),구)주식회사올인정보통신(고양),KT-VI
구)주식회사 휴먼네트웍스(울산),구)주식회사 휴먼네트웍스(울산),KT-VI
준)주식회사미디어연(대전),준)주식회사미디어연(대전),KT-VI
열)주식회사벌집,열)주식회사벌집,KT-VI
구)주식회사엠케이그룹(시흥),구)주식회사엠케이그룹(시흥),KT-VI
열)주식회사친절한폰가게,열)주식회사친절한폰가게,KT-VI
준)주식회사태산,준)주식회사태산,KT-VI
준)주식회사태산(소매),준)주식회사태산(소매),KT-VI
준)주식회사태산/M,준)주식회사태산/M,KT-VI
열)주식회사폰탑(부산),열)주식회사폰탑(부산),KT-VI
웅)주연통신,웅)주연통신,KT-VI
열)주영텔레콤(성남),열)주영텔레콤(성남),KT-VI
열)주왕모바일(광주),열)주왕모바일(광주),KT-VI
우)주인텔레콤,우)주인텔레콤,KT-VI
수)준모바일(왕십리),수)준모바일(왕십리),KT-VI
수)준앤씨(왕십리),수)준앤씨(왕십리),KT-VI
열)준코정보통신(광주),열)준코정보통신(광주),KT-VI
민)준텔레콤,민)준텔레콤,KT-VI
수)준텔레콤(계룡),수)준텔레콤(계룡),KT-VI
우)준텔레콤(병점),우)준텔레콤(병점),KT-VI
구)준텔레콤(익산),구)준텔레콤(익산),KT-VI
수)준텔레콤(정산),수)준텔레콤(정산),KT-VI
웅)중고나라 덕포글로벌통신,웅)중고나라 덕포글로벌통신,KT-VI
영)중고폰1번가본점,영)중고폰1번가본점,KT-VI
영)중고폰1번가삼례점,영)중고폰1번가삼례점,KT-VI
영)중고폰달인(안산),영)중고폰달인(안산),KT-VI
수)중고폰매입선불폰폰나라(수원),수)중고폰매입선불폰폰나라(수원),KT-VI
우)중고폰할인마트 폰당폰향동점,우)중고폰할인마트 폰당폰향동점,KT-VI
구)중부비즈네트웍스(청주),구)중부비즈네트웍스(청주),KT-VI
수)중앙직영통신(성남),수)중앙직영통신(성남),KT-VI
영)중앙텔레콤,영)중앙텔레콤,KT-VI
영)중원텔레콤(괴산점),영)중원텔레콤(괴산점),KT-VI
열)쥬네브프라자(동백),열)쥬네브프라자(동백),KT-VI
우)즐펀텔레콤,우)즐펀텔레콤,KT-VI
수)즐펀텔레콤(공릉),수)즐펀텔레콤(공릉),KT-VI
영)지구별(평택),영)지구별(평택),KT-VI
준)지명(의정부),준)지명(의정부),KT-VI
열)지미컴퍼니(관악),열)지미컴퍼니(관악),KT-VI
웅)지상통신(월곡),웅)지상통신(월곡),KT-VI
수)지엔케이글로벌(청주),수)지엔케이글로벌(청주),KT-VI
수)지오텔레콤(동두천),수)지오텔레콤(동두천),KT-VI
구)지우모바일땅폰영도점(부산),구)지우모바일땅폰영도점(부산),KT-VI
열)지우통신(화성),열)지우통신(화성),KT-VI
웅)지운통신,웅)지운통신,KT-VI
구)지인텔레콤,구)지인텔레콤,KT-VI
수)지혜정보(왕십리),수)지혜정보(왕십리),KT-VI
우)진모바일,우)진모바일,KT-VI
열)진양텔레콤(화성),열)진양텔레콤(화성),KT-VI
구)진주1등텔레콤,구)진주1등텔레콤,KT-VI
구)진주아이폰수리중고폰,구)진주아이폰수리중고폰,KT-VI
수)진주폰(대전),수)진주폰(평택),KT-VI
열)진통신(여주),열)진통신(여주),KT-VI
수)짱텔레콤(답십리),수)짱텔레콤(답십리),KT-VI
영)짱통신,영)짱통신,KT-VI
수)쩨리(부산),수)쩨리(부산),KT-VI
구)쭌텔레콤(강서),구)쭌텔레콤(강서),KT-VI
수)착한가게(가든파이브),수)착한가게(가든파이브),KT-VI
구)착한총각네폰가게(안양),구)착한총각네폰가게(안양),KT-VI
열)착한통신(고현점),열)착한통신(고현점),KT-VI
열)착한통신(광주),열)착한통신(광주),KT-VI
열)착한통신(향남),열)착한통신(향남),KT-VI
준)착한핸드폰가게,준)착한핸드폰가게,KT-VI
열)착한휴대폰(대전),열)착한휴대폰(대전),KT-VI
수)착한휴대폰(동대문),수)착한휴대폰(동대문),KT-VI
영)착한휴대폰가게(세종),영)착한휴대폰가게(세종),KT-VI
구)찬성통신(구로),구)찬성통신(구로),KT-VI
영)참신한(강변TM),영)참신한(강변TM),KT-VI
구)참통신(고양),구)참통신(고양),KT-VI
수)창러(대구),수)창러(대구),KT-VI
수)채봉통신(안산),수)채봉통신(안산),KT-VI
구)천안모바일,구)천안모바일,KT-VI
수)천하모바일(봉천),수)천하모바일(봉천),KT-VI
구)철이네통신(영천),구)철이네통신(영천),KT-VI
수)청년폰(계룡),수)청년폰(계룡),KT-VI
수)청년휴대폰(구미),수)청년휴대폰(구미),KT-VI
웅)청년휴대폰(아산),웅)청년휴대폰(아산),KT-VI
웅)청년휴대폰(천안),웅)청년휴대폰(천안),KT-VI
웅)청년휴대폰(행목로),웅)청년휴대폰(행목로),KT-VI
준)청담통신(삼성동),준)청담통신(삼성동),KT-VI
수)청춘텔레콤(일산),수)청춘텔레콤(일산),KT-VI
열)청춘텔레콤(진해),열)청춘텔레콤(진해),KT-VI
우)체화모바일,우)체화모바일,KT-VI
민)초이스모바일(신도림),민)초이스모바일(신도림),KT-VI
열)초이스커뮤니티(노원),열)초이스커뮤니티(노원),KT-VI
영)초코폰(마포),영)초코폰(마포),KT-VI
구)총각네텔레콤(안양),구)총각네텔레콤(안양),KT-VI
웅)총각네폰가게,웅)총각네폰가게,KT-VI
영)최강케이스(부평),영)최강케이스(부평),KT-VI
열)최고통신(용인),열)최고통신(용인),KT-VI
수)최싸폰(구미봉곡점),수)최싸폰(구미봉곡점),KT-VI
수)최싸폰(울산 신정점),수)최싸폰(울산 신정점),KT-VI
수)친구통신(상주),수)친구통신(상주),KT-VI
수)친절한통신(파주),수)친절한통신(파주),KT-VI
구)카페통신,구)카페통신,KT-VI
영)캄코텍,영)캄코텍(수원),KT-VI
수)컴사요(대구),수)컴사요(대구),KT-VI
수)컴퓨터소모품이야기(진접),수)컴퓨터소모품이야기(진접),KT-VI
구)케이모바일대야역점(시흥),구)케이모바일대야역점(시흥),KT-VI
구)케이모바일 원종2호점(부천),구)케이모바일 원종2호점(부천),KT-VI
구)케이모바일(목동사거리점),구)케이모바일(목동사거리점),KT-VI
구)케이모바일(부천역점),구)케이모바일(부천역점),KT-VI
열)케이모바일(부천자유시장),열)케이모바일(부천자유시장),KT-VI
구)케이모바일(송내),구)케이모바일(송내),KT-VI
열)케이모바일(신중동역점),열)케이모바일(신중동역점),KT-VI
열)케이모바일(신중동점),열)케이모바일(신중동점),KT-VI
구)케이모바일(원종점),구)케이모바일(원종점),KT-VI
구)케이모바일(현대점),구)케이모바일(현대점),KT-VI
열)케이모바일(화성),열)케이모바일(화성),KT-VI
수)케이비(영등포),수)케이비(영등포),KT-VI
우)케이비에이코리아,우)케이비에이코리아,KT-VI
수)케이에스(덕소),수)케이에스(덕소),KT-VI
웅)케이에스엠,웅)케이에스엠,KT-VI
구)케이에스엠모바일,구)케이에스엠모바일,KT-VI
영)케이엘모바일(주),영)케이엘모바일(주),KT-VI
우)케이엠텔레콤,우)케이엠텔레콤,KT-VI
구)케이제이,구)케이제이,KT-VI
열)케이제이통신(위례),열)케이제이통신(위례),KT-VI
웅)케이케이엠(유),웅)케이케이엠(유),KT-VI
우)코리아텔레콤,우)코리아텔레콤,KT-VI
웅)쿠모바일,웅)쿠모바일,KT-VI
민)쿠키모바일(인천),민)쿠키모바일(인천),KT-VI
영)쿠키정보,영)쿠키정보,KT-VI
수)쿠팡모바일(파주),수)쿠팡모바일(파주),KT-VI
웅)쿨정보통신,웅)쿨정보통신,KT-VI
열)퀸모바일(김해),열)퀸모바일(김해),KT-VI
준)큐브모바일(안양),준)큐브모바일(안양),KT-VI
웅)큐큐트레이드(구로),웅)큐큐트레이드(구로),KT-VI
수)큐텔레콤(의정부),수)큐텔레콤(의정부),KT-VI
영)큐피드텔레콤,영)큐피드텔레콤,KT-VI
열)크리스텔(중앙점),열)크리스텔(중앙점),KT-VI
열)크리스텔통신(성남),열)크리스텔통신(성남),KT-VI
민)클릭모바일(부천),민)클릭모바일(부천),KT-VI
웅)클릭이동통신,웅)클릭이동통신,KT-VI
구)클릭폰(부산),구)클릭폰(부산),KT-VI
열)킹모바일(오산),열)킹모바일(오산),KT-VI
수)킹모바일(용산),수)킹모바일(용산),KT-VI
우)킹스모바일,우)킹스모바일,KT-VI
웅)킹텔,웅)킹텔,KT-VI
구)킹텔레콤(서산시),구)킹텔레콤(서산시),KT-VI
영)킹텔레콤(예산),영)킹텔레콤(예산),KT-VI
수)타이거모바일(미사),수)타이거모바일(미사),KT-VI
구)타임텔레콤(대전),구)타임텔레콤(대전),KT-VI
수)탄현폰(일산),수)탄현폰(일산),KT-VI
영)탑정보통신(군포),영)탑정보통신(군포),KT-VI
수)탑텔레콤,수)탑텔레콤,KT-VI
웅)탑통신(거제),웅)탑통신(거제),KT-VI
웅)탑통신(마산),웅)탑통신(마산),KT-VI
웅)탕정정보통신,웅)탕정정보통신,KT-VI
열)태광정보통신(광주),열)태광정보통신(광주),KT-VI
열)태리텔레콤(부천),열)태리텔레콤(부천),KT-VI
영)태성여행사(안산),영)태성여행사(안산),KT-VI
수)태양정보(구리),수)태양정보(구리),KT-VI
열)태양정보통신(성남),열)태양정보통신(성남),KT-VI
열)태양정보통신(중원),열)태양정보통신(중원),KT-VI
구)태태통신,구)태태통신,KT-VI
수)태현정보통신(대전),수)태현정보통신(대전),KT-VI
열)태형정보(광주),열)태형정보(광주),KT-VI
구)태화텔레콤,구)태화텔레콤,KT-VI
웅)택하다(안성),웅)택하다(안성),KT-VI
영)테라시스템(주),영)테라시스템(주),KT-VI
웅)테르게르,웅)테르게르,KT-VI
영)테아잉총합무역,영)테아잉총합무역,KT-VI
열)테크노본가(이천),열)테크노본가(이천),KT-VI
수)테크노정보(광진구),수)테크노정보(광진구),KT-VI
열)테크타운(군포),열)테크타운(군포),KT-VI
구)토리모바일(일산),구)토리모바일(일산),KT-VI
영)통신나라(부천),영)통신나라(부천),KT-VI
구)통신매니아(전주),구)통신매니아(전주),KT-VI
구)통신천하(광주),구)통신천하(광주),KT-VI
수)통진아저씨(통진),수)통진아저씨(통진),KT-VI
우)투노텔레콤,우)투노텔레콤,KT-VI
열)투데이모바일(수원),열)투데이모바일(수원),KT-VI
수)투에이치(군포),수)투에이치(군포),KT-VI
영)투헝통신(시흥),영)투헝통신(시흥),KT-VI
웅)튀블리,웅)튀블리,KT-VI
영)트리플에스(송파),영)트리플에스(송파),KT-VI
영)트윈통신,영)트윈통신,KT-VI
영)티베이코퍼레이션(수원),영)티베이코퍼레이션(수원),KT-VI
웅)티앤에스마케팅,웅)티앤에스마케팅,KT-VI
열)티앤티(중랑),열)티앤티(중랑),KT-VI
웅)티엔샵,웅)티엔샵,KT-VI
수)티제이모바일(옥정),수)티제이모바일(옥정),KT-VI
수)티케이씨모바일(의정부),수)티케이씨모바일(의정부),KT-VI
민)티플러스(대림),민)티플러스(대림),KT-VI
민)파란모바일,민)파란모바일,KT-VI
구)파란텔레콤(춘천),구)파란텔레콤(춘천),KT-VI
구)파워텔레콤(영등포구),구)파워텔레콤(영등포구),KT-VI
열)파워통신(아산),열)파워통신(아산),KT-VI
열)판다텔레콤(천안),열)판다텔레콤(천안),KT-VI
열)판다텔레콤2(천안),열)판다텔레콤2(천안),KT-VI
준)판다통신,준)판다통신,KT-VI
웅)판매왕,웅)판매왕,KT-VI
영)패밀리데이,영)패밀리데이,KT-VI
수)패밀리통신(대림),수)패밀리통신(대림),KT-VI
준)브라더,준)브라더,KT-VI
영)평택모바일(평택),영)평택모바일(평택),KT-VI
열)평택본가,열)평택본가,KT-VI
영)평택아저씨,영)평택아저씨,KT-VI
구)포비텔레콤(태백),구)포비텔레콤(태백),KT-VI
수)폰82,수)폰82,KT-VI
영)폰82(신기점),영)폰82(신기점),KT-VI
수)폰꾸모바일(문산),수)폰꾸모바일(문산),KT-VI
영)폰나라2(수원),영)폰나라2(수원),KT-VI
민)폰닥터,민)폰닥터,KT-VI
우)폰당포,우)폰당포,KT-VI
우)폰당포(마곡점),우)폰당포(마곡점),KT-VI
열)폰마켓(강동),열)폰마켓(강동),KT-VI
구)폰마트(석남동),구)폰마트(석남동),KT-VI
영)폰마트(인천),영)폰마트(인천),KT-VI
열)폰마트양동점(양평),열)폰마트양동점(양평),KT-VI
열)폰매니아(이천),열)폰매니아(이천),KT-VI
민)폰몬스터(화성),민)폰몬스터(화성),KT-VI
구)폰무원,구)폰무원,KT-VI
구)폰뱅크,구)폰뱅크,KT-VI
구)폰부스(익산시),구)폰부스(익산시),KT-VI
수)폰부스직영점(오산),수)폰부스직영점(오산),KT-VI
웅)폰사랑,웅)폰사랑,KT-VI
수)폰사랑(김포),수)폰사랑(김포),KT-VI
열)폰사무소(관악),열)폰사무소(관악),KT-VI
영)폰생폰사,영)폰생폰사,KT-VI
구)폰샵,구)폰샵,KT-VI
열)폰샵(부산),열)폰샵(부산),KT-VI
열)폰설팅(평택),열)폰설팅(평택),KT-VI
휴대폰성지BB,영)폰성지BB,KT-VI
웅)폰스(대전),웅)폰스(대전),KT-VI
영)폰스타(강동),영)폰스타(강동),KT-VI
수)폰스테이지,수)폰스테이지,KT-VI
수)폰스토리(창동),수)폰스토리(창동),KT-VI
수)폰스토어(대전),수)폰스토어(대전),KT-VI
영)폰스토어(이천),영)폰스토어(이천),KT-VI
수)폰스홀릭(가정),수)폰스홀릭(가정),KT-VI
수)폰아울렛(포천),수)폰아울렛(포천),KT-VI
준)폰앤컴(상주),준)폰앤컴(상주),KT-VI
수)폰앤케이스(대구),수)폰앤케이스(대구),KT-VI
구)폰앤톡(고양),구)폰앤톡(고양),KT-VI
열)폰요기요(오산),열)폰요기요(오산),KT-VI
웅)폰이팡,웅)폰이팡,KT-VI
웅)폰이팡(수원),웅)폰이팡(수원),KT-VI
수)폰친구(공릉),수)폰친구(공릉),KT-VI
수)폰통신(오산),수)폰통신(오산),KT-VI
영)폰포유,영)폰포유,KT-VI
열)폰프렌즈(이천),열)폰프렌즈(이천),KT-VI
구)폰플러스(전주),구)폰플러스(전주),KT-VI
열)폰하우스(평택),열)폰하우스(평택),KT-VI
영)폰할인연구소,영)폰할인연구소,KT-VI
영)폼크메르모바일(안산),영)폼크메르모바일(안산),KT-VI
구)푸른정보통신(중랑),구)푸른정보통신(중랑),KT-VI
수)프라임(호평),수)프라임(호평),KT-VI
열)프라임모바일,열)프라임모바일,KT-VI
영)프렌들리(광진),영)프렌들리(광진),KT-VI
수)프렌즈(석남),수)프렌즈(석남),KT-VI
영)프로모바일(화곡),영)프로모바일(화곡),KT-VI
구)프로통신(송파),구)프로통신(송파),KT-VI
수)프리모바일(답십리),수)프리모바일(답십리),KT-VI
웅)프리페이폰,웅)프리페이폰,KT-VI
구)플러스통신(안양),구)플러스통신(안양),KT-VI
수)피아이텔레콤(진접),수)피아이텔레콤(진접),KT-VI
수)피에스타(가든파이브),수)피에스타(가든파이브),KT-VI
수)피에스텔레콤(산본),수)피에스텔레콤(산본),KT-VI
수)피에스텔레콤(송파),수)피에스텔레콤(송파),KT-VI
수)피엔모바일(다산),수)피엔모바일(다산),KT-VI
수)피엠에스(가평),수)피엠에스(가평),KT-VI
웅)피치모바일,웅)피치모바일,KT-VI
열)피카소(안성),열)피카소(안성),KT-VI
웅)픽스모바일,웅)픽스모바일,KT-VI
웅)픽스퀵주식회사(수유),웅)픽스퀵주식회사(수유),KT-VI
구)필 이동통신,구)필 이동통신,KT-VI
우)필모바일(포승),우)필모바일(포승),KT-VI
수)핏불텔레콤(중랑),수)핏불텔레콤(중랑),KT-VI
수)핑크모바일(송우),수)핑크모바일(송우),KT-VI
영)하나로플러스,영)하나로플러스,KT-VI
구)하나모바일,구)하나모바일,KT-VI
영)하나모바일(부평),영)하나모바일(부평),KT-VI
민)하나정보통신(부천),민)하나정보통신(부천),KT-VI
열)하나텔레콤(광주),열)하나텔레콤(광주),KT-VI
열)하나텔레콤(장흥),열)하나텔레콤(장흥),KT-VI
수)하녀텔레콤,수)하녀텔레콤,KT-VI
열)하늘정보통신,열)하늘정보통신,KT-VI
영)하늘텔레콤(성남),영)하늘텔레콤(성남),KT-VI
열)하랑(나주),열)하랑(나주),KT-VI
구)하랑텔레콤(안산),구)하랑텔레콤(안산),KT-VI
구)하루모바일(미아),구)하루모바일(미아),KT-VI
민)하루모바일(의정부),민)하루모바일(의정부),KT-VI
영)하연정보,영)하연정보,KT-VI
웅)하영통신(금촌),웅)하영통신(금촌),KT-VI
웅)하오남모바일(논산),웅)하오남모바일(논산),KT-VI
영)하은모바일(평택),영)하은모바일(평택),KT-VI
수)하이컴퍼니(종로),수)하이컴퍼니(종로),KT-VI
구)하이텔레콤,구)하이텔레콤,KT-VI
수)하이퍼아이앤씨(금촌),수)하이퍼아이앤씨(금촌),KT-VI
구)하이휴대폰이야(김해),구)하이휴대폰이야(김해),KT-VI
열)한강(봉천),열)한강(봉천),KT-VI
구)한결통신(상주),구)한결통신(상주),KT-VI
영)한국통신비연구소(이천),영)한국통신비연구소(이천),KT-VI
구)한길정보(전주),구)한길정보(전주),KT-VI
수)한길텔레콤(강남),수)한길텔레콤(강남),KT-VI
열)한마음네트웍스(광주),열)한마음네트웍스(광주),KT-VI
열)한마음네트웍스(광주임동),열)한마음네트웍스(광주임동),KT-VI
구)한백이동통신완주점,구)한백이동통신완주점,KT-VI
열)한별통신(대전),열)한별통신(대전),KT-VI
열)한빛통신(동대문),열)한빛통신(동대문),KT-VI
수)한성텔레콤(관악),수)한성텔레콤(관악),KT-VI
영)한성통신(용인),영)한성통신(용인),KT-VI
수)한솔(의정부),수)한솔(의정부),KT-VI
열)한스컴퍼니,열)한스컴퍼니,KT-VI
수)한씨네텔레콤(강동),수)한씨네텔레콤(강동),KT-VI
영)한우물통신,영)한우물통신,KT-VI
영)한울(김해점),영)한울(김해점),KT-VI
영)한진텔레콤,영)한진텔레콤,KT-VI
구)할인모바일(구리),구)할인모바일(구리),KT-VI
구)해리상회(고창),구)해리상회(고창),KT-VI
수)해주통신(수진),수)해주통신(수진),KT-VI
구)해피모바일(군산),구)해피모바일(군산),KT-VI
열)해피밸리통신(광주),열)해피밸리통신(광주),KT-VI
수)핸드폰가게(덕소),수)핸드폰가게(덕소),KT-VI
영)핸드폰마켓(부평),영)핸드폰마켓(부평),KT-VI
준)핸프모바일(중랑),준)핸프모바일(중랑),KT-VI
영)행복모바일(부천),영)행복모바일(부천),KT-VI
웅)행복텔레콤(김해),웅)행복텔레콤(김해),KT-VI
민)행복텔레콤(문래),민)행복텔레콤(문래),KT-VI
열)행복통신(성남),열)행복통신(성남),KT-VI
수)행복통신(암사),수)행복통신(암사),KT-VI
구)행복통신(양주),구)행복통신(양주),KT-VI
구)행복통신(용산),구)행복통신(용산),KT-VI
열)행복통신(창원),열)행복통신(창원),KT-VI
영)행복한남매통신(목동),영)행복한남매통신(목동),KT-VI
영)행복휴대폰마트(부산사상),영)행복휴대폰마트(부산사상),KT-VI
수)행상숍(왕십리),수)행상숍(왕십리),KT-VI
구)행운(화곡동),구)행운(화곡동),KT-VI
우)행운모바일(향남),우)행운모바일(향남),KT-VI
웅)행운정보통신(구로),웅)행운정보통신(구로),KT-VI
열)행운텔레콤(평택),열)행운텔레콤(평택),KT-VI
웅)행운통신,웅)행운통신,KT-VI
열)허니모바일,열)허니모바일,KT-VI
웅)허브통신,웅)허브통신,KT-VI
영)헤리모바일(평택),영)헤리모바일(평택),KT-VI
열)헬로밸디에치통신(송파),열)헬로벨디에치통신(송파),KT-VI
영)헬리오통신(송파),영)헬리오통신(송파),KT-VI
웅)혁신토탈샾(주),웅)혁신토탈샾(주),KT-VI
열)현빈텔레콤,열)현빈텔레콤,KT-VI
웅)현정보통신,웅)현정보통신,KT-VI
영)현주텔레콤(서산),영)현주텔레콤(서산),KT-VI
수)현텔레콤(망우),수)현텔레콤(망우),KT-VI
수)현텔레콤(의정부),수)현텔레콤(의정부),KT-VI
열)현텔레콤(하남),열)현텔레콤(하남),KT-VI
열)형제통신,열)형제통신,KT-VI
수)형제tv(동두천),수)형제tv(동두천),KT-VI
구)혜람통신(광주),구)혜람통신(광주),KT-VI
민)혜성인터내셔널(강변),민)혜성인터내셔널(강변),KT-VI
웅)호구통신,웅)호구통신,KT-VI
수)호금통신(마석),수)호금통신(마석),KT-VI
열)호우,열)호우,KT-VI
구)호평통신(남원),구)호평통신(남원),KT-VI
수)홈모바일플러스(관악),수)홈모바일플러스(관악),KT-VI
웅)홍대모바일,웅)홍대모바일,KT-VI
수)홍인(덕양구청),수)홍인(덕양구청),KT-VI
수)홍인본점(고양),수)홍인본점(고양),KT-VI
영)화곡직영점(화곡),영)화곡직영점(화곡),KT-VI
구)화니모바일,구)화니모바일,KT-VI
열)화성본가,열)화성본가,KT-VI
준)화이트컴퍼니,준)화이트컴퍼니,KT-VI
열)화이트통신(광주),열)화이트통신(광주),KT-VI
영)황금텔레콤,영)황금텔레콤,KT-VI
웅)황민글로벌,웅)황민글로벌,KT-VI
구)황산텔레콤,구)황산텔레콤,KT-VI
영)황소모바일(부평),영)황소모바일(부평),KT-VI
수)황소폰(파주),수)황소폰(파주),KT-VI
수)황제통신(대구),수)황제통신(대구),KT-VI
수)회룡통신(중랑),수)회룡통신(중랑),KT-VI
구)효자통신(면목점),구)효자통신(면목점),KT-VI
수)후니모바일(강동),수)후니모바일(강동),KT-VI
수)후야통신(구리),수)후야통신(구리),KT-VI
수)훈남모바일(장현),수)훈남모바일(장현),KT-VI
수)훈민정음(미사),수)훈민정음(미사),KT-VI
수)훈민정음1(하남),수)훈민정음1(하남),KT-VI
수)훈민정음3(하남),수)훈민정음3(하남),KT-VI
웅)훈이통신,웅)훈이통신,KT-VI
수)휘텔레콤(종로),수)휘텔레콤(종로),KT-VI
영)휴대폰1번가(양산점),영)휴대폰1번가(양산점),KT-VI
수)휴대폰365아울렛(진접),수)휴대폰365아울렛(진접),KT-VI
웅)휴대폰가게(구리),웅)휴대폰가게(구리),KT-VI
웅)휴대폰가게(금촌),웅)휴대폰가게(금촌),KT-VI
준)휴대폰가게(아산),준)휴대폰가게(아산),KT-VI
구)휴대폰가게(안양),구)휴대폰가게(안양),KT-VI
구)휴대폰가게(영주),구)휴대폰가게(영주),KT-VI
구)휴대폰가게(MS)통신,구)휴대폰가게(MS)통신,KT-VI
열)휴대폰갤러리(천안),열)휴대폰갤러리(천안),KT-VI
구)휴대폰거래소(김해),구)휴대폰거래소(김해),KT-VI
열)휴대폰거래소(동탄),열)휴대폰거래소(동탄),KT-VI
열)휴대폰거래소(향남),열)휴대폰거래소(향남),KT-VI
영)휴대폰공장(김해),영)휴대폰공장(김해),KT-VI
열)휴대폰도매샾(퇴촌),열)휴대폰도매샾(퇴촌),KT-VI
영)휴대폰마켓(방축점),영)휴대폰마켓(방축점),KT-VI
열)휴대폰맛집(성남),열)휴대폰맛집(성남),KT-VI
수)휴대폰멀티점(상주),수)휴대폰멀티점(상주),KT-VI
수)휴대폰명가(대구),수)휴대폰명가(대구),KT-VI
웅)휴대폰바로고(충주),웅)휴대폰바로고(충주),KT-VI
영)휴대폰성지 경기광주 제이,영)휴대폰성지 경기광주 제이,KT-VI
열)휴대폰성지대한민국폰가게알람폰양산점,열)휴대폰성지대한민국폰가게알람폰양산점,KT-VI
열)휴대폰성지대한민국폰가게알람폰초량점,열)휴대폰성지대한민국폰가게알람폰초량점,KT-VI
구)휴대폰성지상계역점,구)휴대폰성지상계역점,KT-VI
수)휴대폰성지 슈퍼맨텔레콤(창원팔용점),수)휴대폰성지 슈퍼맨텔레콤(창원팔용점),KT-VI
구)휴대폰성지옆커폰군산점,구)휴대폰성지옆커폰군산점,KT-VI
수)휴대폰성지(경산),수)휴대폰성지(경산),KT-VI
열)휴대폰성지(구포),열)휴대폰성지(구포),KT-VI
수)휴대폰성지(김해),수)휴대폰성지(김해),KT-VI
수)휴대폰성지(대구),수)휴대폰성지(대구),KT-VI
열)휴대폰성지(부산),열)휴대폰성지(부산),KT-VI
열)휴대폰성지(부산금정),열)휴대폰성지(부산금정),KT-VI
수)휴대폰성지(부산일광점),수)휴대폰성지(부산일광점),KT-VI
수)휴대폰성지(부산정관점),수)휴대폰성지(부산정관점),KT-VI
수)휴대폰성지(양산),수)휴대폰성지(양산),KT-VI
수)휴대폰성지(양산중부점),수)휴대폰성지(양산중부점),KT-VI
민)휴대폰성지(의정부),민)휴대폰성지(의정부),KT-VI
수)휴대폰성지(증산점),수)휴대폰성지(증산점),KT-VI
수)휴대폰성지(진주),수)휴대폰성지(진주),KT-VI
수)휴대폰성지(창원용호점),수)휴대폰성지(창원용호점),KT-VI
수)휴대폰성지도매폰(시흥),수)휴대폰성지도매폰(시흥),KT-VI
구)휴대폰성지라베니체폰2호점(은평),구)휴대폰성지라베니체폰2호점(은평),KT-VI
영)휴대폰성지비비(용산),영)휴대폰성지비비(용산),KT-VI
민)휴대폰성지알고동작본점(신대방),민)휴대폰성지알고동작본점(신대방),KT-VI
열)휴대폰성지알람폰루피통신(부산),열)휴대폰성지알람폰루피통신(부산),KT-VI
수)휴대폰성지최싸폰 하대점(진주),수)휴대폰성지최싸폰 하대점(진주),KT-VI
수)휴대폰성지최싸폰(진주),수)휴대폰성지최싸폰(진주),KT-VI
영)휴대폰성지픽업폰(광주),영)휴대폰성지픽업폰(광주),KT-VI
영)휴대폰성지픽업폰(용인),영)휴대폰성지픽업폰(용인),KT-VI
영)휴대폰성지픽업폰(이천),영)휴대폰성지픽업폰(이천),KT-VI
구)휴대폰쇼핑몰,구)휴대폰쇼핑몰,KT-VI
영)휴대폰싸다구(평택),영)휴대폰싸다구(평택),KT-VI
구)휴대폰아울렛(고성),구)휴대폰아울렛(고성),KT-VI
영)휴대폰아울렛(광주),영)휴대폰아울렛(광주),KT-VI
영)휴대폰아울렛(영주),영)휴대폰아울렛(영주),KT-VI
웅)휴대폰아울렛(천안),웅)휴대폰아울렛(천안),KT-VI
열)휴대폰앤인터넷(장성),열)휴대폰앤인터넷(장성),KT-VI
구)휴대폰일번가(두정점),구)휴대폰일번가(두정점),KT-VI
열)휴대폰점빵(여수),열)휴대폰점빵(여수),KT-VI
열)휴대폰종합프라자(정읍),열)휴대폰종합프라자(정읍),KT-VI
웅)휴대폰천국,웅)휴대폰천국,KT-VI
영)휴대폰특판(산척점),영)휴대폰특판(산척점),KT-VI
영)휴대폰특판(안산점),영)휴대폰특판(안산점),KT-VI
수)휴대폰판매왕(천안),수)휴대폰판매왕(천안),KT-VI
열)휴대폰팩토리(대전)/M,열)휴대폰팩토리(대전)/M,KT-VI
수)휴대폰하우스(가경점),영)휴대폰하우스(가경점),KT-VI
열)휴대폰할인마트(거제),열)휴대폰할인마트(거제),KT-VI
열)휴대폰할인마트(수지),열)휴대폰할인마트(수지),KT-VI
웅)휴대폰할인매장(중계),웅)휴대폰할인매장(중계),KT-VI
열)휴대폰할인카페(성남),열)휴대폰할인카페(성남),KT-VI
구)휴대FUN(창원),구)휴대FUN(창원),KT-VI
영)흥아통신(김해),영)흥아통신(김해),KT-VI
영)흥화모바일(대구경산점),영)흥화모바일(대구경산점),KT-VI
영)흥화통신2(안산),영)흥화통신2(안산),KT-VI
수)히어로즈 (길동),수)히어로즈 (길동),KT-VI
웅)히어로폰(경주),웅)히어로폰(경주),KT-VI
웅)히트통신,웅)히트통신,KT-VI
구)BD통신,구)BD통신,KT-VI
영)BJ모바일(인천),영)BJ모바일(인천),KT-VI
웅)BJ텔레콤,웅)BJ텔레콤,KT-VI
영)cs텔레콤(송파),영)cs텔레콤(송파),KT-VI
협력)DC마트,협력)DC마트,KT-VI
구)DM프리넷,구)DM프리넷,KT-VI
웅)E통신,웅)E통신,KT-VI
구)HHC통신,구)HHC통신,KT-VI
열)I이동통신(영암),열)I이동통신(영암),KT-VI
구)IT(전주),구)IT(전주),KT-VI
열)JH모바일(수원),열)JH모바일(수원),KT-VI
수)JN(창동),수)JN(창동),KT-VI
구)JS통신(수유),구)JS통신(수유),KT-VI
수)JY텔레콤(고양),수)JY텔레콤(고양),KT-VI
구)KT한백텔레콤,구)KT한백텔레콤,KT-VI
수)msgj(장현),수)msgj(장현),KT-VI
영)PMJ캄보디아통신(안산),영)PMJ캄보디아통신(안산),KT-VI
구)PS모바일,구)PS모바일,KT-VI
웅)SH모바일,웅)SH모바일,KT-VI
열)SH정보통신(신흥),열)SH정보통신(신흥),KT-VI
구)SJ텔레콤(정읍),구)SJ텔레콤(정읍),KT-VI
구)SK숭인,구)SK숭인,KT-VI
구)SR모바일(고양),구)SR모바일(고양),KT-VI
영)SSD헤렌텔레콤(용산),영)SSD헤렌텔레콤(용산),KT-VI
수)sun텔레콤(중곡),수)sun텔레콤(중곡),KT-VI
웅)SY모바일(성남),웅)SY모바일(성남),KT-VI
웅)TB모바일/M,웅)TB모바일/M,KT-VI
열)Ti모바일(잠실),열)Ti모바일(잠실),KT-VI
준)TOP정보통신(파주),준)TOP정보통신(파주),KT-VI
열)UM통신(여주),열)UM통신(여주),KT-VI
수)vip텔레콤(중곡),수)vip텔레콤(중곡),KT-VI
구)주식회사비디통신(안산),구)주식회사비디통신(안산),KT-VI
영)디엔리모바일,영)디엔리모바일,KT-VI
영)선봉모바일6호점,영)선봉모바일6호점,KT-VI
웅)청백텔레콤(월계),웅)청백텔레콤(월계),KT-VI
민)우주모바일(인천),민)우주모바일(인천),KT-VI
민)티지모바일(관악구),민)티지모바일(관악구),KT-VI
수)공주폰(공주),수)공주폰(공주),KT-VI
준)엠에스티(평창),준)엠에스티(평창),KT-VI
열)(주)차이홍글로벌,열)(주)차이홍글로벌,KT-VI
준)국대폰(위드컴퍼니),준)국대폰(위드컴퍼니),KT-VI
준)세성올댓폰,준)세성올댓폰,KT-VI
협력)반콰,협력)반콰,KT-VI
L미877229,수)테크노정보(광진구),KT-VI
L미388332,열)테크타운(군포),KT-VI
L미095445,구)토리모바일(일산),KT-VI
L미564688,영)통신나라(부천),KT-VI
L미559610,구)통신매니아(전주),KT-VI
L미329924,구)통신천하(광주),KT-VI
L미789647,수)통진아저씨,KT-VI
L미885991,우)투노텔레콤,KT-VI
L미462448,열)투데이모바일(수원),KT-VI
L미788670,수)투에이치(군포),KT-VI
L미367079,영)투헝통신(시흥),KT-VI
L미824592,웅)튀블리,KT-VI
L미590133,영)트리플에스(송파),KT-VI
L미874121,영)트윈통신,KT-VI
L미910257,영)티베이코퍼레이션(수원),KT-VI
L미638473,영)웰컴(수원),KT-VI
L미608641,영)티베이코퍼레이션(수원),KT-VI
L미484845,웅)티앤에스마케팅,KT-VI
L미463304,열)티앤티(중랑),KT-VI
L미524729,웅)티엔샵,KT-VI
L미813538,수)티제이모바일(옥정),KT-VI
L미386156,수)티케이씨모바일(의정부),KT-VI
L미629343,민)티플러스(대림),KT-VI
L미840987,민)파란모바일,KT-VI
L미352984,민)파란모바일,KT-VI
L미884060,구)파란텔레콤(춘천),KT-VI
L미998086,구)파워텔레콤(영등포구),KT-VI
L미841085,열)파워통신(아산),KT-VI
L미631686,수)파주휴대폰성지운정점,KT-VI
L미712695,열)판다텔레콤,KT-VI
L미922871,열)판다텔레콤(천안),KT-VI
L미475365,열)판다텔레콤2(천안),KT-VI
L미735301,준)판다통신,KT-VI
L미383516,준)판다통신,KT-VI
L미374180,웅)판매왕,KT-VI
L미670015,영)패밀리데이,KT-VI
L미424235,수)패밀리통신(대림),KT-VI
L미427804,준)브라더,KT-VI
L미374361,영)평택모바일(평택),KT-VI
L미899234,열)평택본가,KT-VI
L미727456,구)포비텔레콤(태백),KT-VI
L미950515,수)폰82,KT-VI
L미501718,영)폰82(신기점),KT-VI
L미673117,수)폰꾸모바일(문산),KT-VI
L미736533,영)폰나라2(수원),KT-VI
L미563045,민)폰닥터,KT-VI
L미667522,우)폰당포,KT-VI
L미162051,우)폰당포(마곡점),KT-VI
L미986674,열)폰마켓(강동),KT-VI
L미307791,열)폰마켓(강동),KT-VI
L미785401,구)폰마트(석남동),KT-VI
L미133883,영)폰마트(인천),KT-VI
L미785718,열)폰마트양동점(양평),KT-VI
L미491327,열)폰매니아(이천),KT-VI
L미419211,민)폰몬스터(화성),KT-VI
L미378046,구)폰무원,KT-VI
L미623443,구)폰뱅크,KT-VI
L미663493,구)폰부스(익산시),KT-VI
L미834168,수)폰부스직영점(오산),KT-VI
L미502079,웅)폰사랑,KT-VI
L미427433,웅)폰사랑(강릉),KT-VI
L미594365,수)폰사랑(김포),KT-VI
L미415879,열)폰사무소(관악),KT-VI
L미381513,영)폰생폰사,KT-VI
L미581413,구)폰샵,KT-VI
L미124530,열)폰샵(부산),KT-VI
L미087675,열)폰설팅(평택),KT-VI
L미553595,웅)폰스(대전),KT-VI
L미428776,영)폰스타(강동),KT-VI
L미949284,수)폰스테이지,KT-VI
L미876632,수)폰스토리(창동),KT-VI
L미225217,수)폰스토어(대전),KT-VI
L미208675,영)폰스토어(이천),KT-VI
L미676301,수)폰스홀릭(가정),KT-VI
L미089770,수)폰아울렛(포천),KT-VI
L미697465,준)폰앤컴(상주),KT-VI
L미368930,수)폰앤케이스(대구),KT-VI
L미842169,구)폰앤톡(고양),KT-VI
L미788816,구)폰앤톡(고양),KT-VI
L미143104,구)폰앤톡(고양),KT-VI
L미842038,열)폰요기요(오산),KT-VI
L미551720,웅)폰이팡,KT-VI
L미718542,웅)폰이팡(수원),KT-VI
L미506396,수)폰친구(공릉),KT-VI
L미602234,민)폰카페(파주),KT-VI
L미471580,수)폰통신(오산),KT-VI
L미462626,영)폰포유,KT-VI
L미565164,열)폰프렌즈(이천),KT-VI
L미688155,구)폰플러스(전주),KT-VI
L미842869,열)폰하우스(평택),KT-VI
L미552282,영)폰할인연구소,KT-VI
L미811468,영)폼크메르모바일(안산),KT-VI
L미188372,구)푸른정보통신(중랑),KT-VI
L미230992,수)프라임(호평),KT-VI
L미573000,열)프라임모바일,KT-VI
L미555401,영)프렌들리(광진),KT-VI
L미375396,수)프렌즈(석남),KT-VI
L미903326,영)프로모바일(화곡),KT-VI
L미643839,구)프로통신(송파),KT-VI
L미854229,수)프리모바일(답십리),KT-VI
L미550012,웅)프리페이폰,KT-VI
L미712187,구)플러스통신(안양),KT-VI
L미977384,수)피아이텔레콤(진접),KT-VI
L미381370,수)피에스타(가든파이브),KT-VI
L미163483,수)피에스텔레콤(산본),KT-VI
L미533229,수)피에스텔레콤(송파),KT-VI
L미069621,수)피엔모바일(다산),KT-VI
L미134652,수)피엠에스(가평),KT-VI
L미852499,웅)피치모바일,KT-VI
L미480167,열)피카소(안성),KT-VI
L미763067,웅)픽스모바일,KT-VI
L미559585,웅)픽스퀵주식회사(수유),KT-VI
L미549829,구)필 이동통신,KT-VI
L미547040,우)필모바일(포승),KT-VI
L미081676,수)핏불텔레콤(중랑),KT-VI
L미859841,수)핑크모바일(송우),KT-VI
L미791576,영)하나로플러스,KT-VI
L미142246,구)하나모바일,KT-VI
L미704298,영)하나모바일(부평),KT-VI
L미374357,민)하나정보통신(부천),KT-VI
L미660951,열)하나텔레콤(광주),KT-VI
L미696041,열)하나텔레콤(장흥),KT-VI
L미070819,수)하녀텔레콤,KT-VI
L미971525,열)하늘정보통신,KT-VI
L미993868,영)하늘텔레콤(성남),KT-VI
L미125803,열)하랑(나주),KT-VI
L미367081,구)하랑텔레콤(안산),KT-VI
L미404315,구)하루모바일(미아),KT-VI
L미983565,민)하루모바일(의정부),KT-VI
L미072350,영)하연정보,KT-VI
L미919326,웅)하영통신(금촌),KT-VI
L미395800,웅)하오남모바일(논산),KT-VI
L미373253,영)하은모바일(평택),KT-VI
L미190583,수)하이컴퍼니(종로),KT-VI
L미143324,구)하이텔레콤,KT-VI
L미443947,수)하이퍼아이앤씨(금촌),KT-VI
L미378464,구)하이휴대폰이야(김해),KT-VI
L미936433,열)한강(봉천),KT-VI
L미366924,구)한결통신(상주),KT-VI
L미594285,영)한국통신비연구소(이천),KT-VI
L미668422,구)한길정보(전주),KT-VI
L미339608,수)한길텔레콤(강남),KT-VI
L미932485,열)한마음네트웍스(광주),KT-VI
L미209131,열)한마음네트웍스(광주임동),KT-VI
L미620431,구)한백이동통신완주점,KT-VI
L미165066,열)한별통신(대전),KT-VI
L미426773,민)한빛정보통신(부평),KT-VI
L미339612,열)한빛통신(동대문),KT-VI
L미513623,수)한성텔레콤(관악),KT-VI
L미403715,영)한성통신(용인),KT-VI
L미394933,수)한솔(의정부),KT-VI
L미120073,열)한스컴퍼니,KT-VI
L미386343,열)한스컴퍼니,KT-VI
L미760362,수)한씨네텔레콤(강동),KT-VI
L미642200,영)한우물통신,KT-VI
L미771617,영)한울(김해점),KT-VI
L미491832,영)한진텔레콤,KT-VI
L미694952,구)할인모바일(구리),KT-VI
L미196364,민)해달컴퍼니(파주),KT-VI
L미480877,구)해리상회(고창),KT-VI
L미105166,수)해주통신(수진),KT-VI
L미487217,구)해피모바일(군산),KT-VI
L미502893,열)해피모바일(월곡본점),KT-VI
L미842365,열)해피밸리통신(광주),KT-VI
L미943903,수)핸드폰가게(덕소),KT-VI
L미260844,영)핸드폰마켓(부평),KT-VI
L미161645,준)핸프모바일(중랑),KT-VI
L미374341,영)행복모바일(부천),KT-VI
L미535695,웅)행복텔레콤(김해),KT-VI
L미384060,민)행복텔레콤(문래),KT-VI
L미375059,열)행복통신(성남),KT-VI
L미375096,수)행복통신(암사),KT-VI
L미148466,구)행복통신(양주),KT-VI
L미683466,구)행복통신(용산),KT-VI
L미997305,열)행복통신(창원),KT-VI
L미528505,열)행복통신(창원),KT-VI
L미076396,영)행복한남매통신(목동),KT-VI
L미236006,영)행복휴대폰마트(부산사상),KT-VI
L미486297,수)행상숍(왕십리),KT-VI
L미199472,구)행운(화곡동),KT-VI
L미371423,우)행운모바일(향남),KT-VI
L미396033,웅)행운정보통신(구로),KT-VI
L미934008,열)행운텔레콤(평택),KT-VI
L미335582,웅)행운통신,KT-VI
L미658524,열)허니모바일,KT-VI
L미816315,웅)허브통신,KT-VI
L미378155,영)헤리모바일(평택),KT-VI
L미501342,열)헬로벨디에치통신(송파),KT-VI
L미474712,영)헬리오통신(송파),KT-VI
L미383361,웅)혁신토탈샾(주),KT-VI
L미682906,열)현빈텔레콤,KT-VI
L미376059,웅)현정보통신,KT-VI
L미368662,영)현주텔레콤(서산),KT-VI
L미812644,수)현텔레콤(망우),KT-VI
L미133756,수)현텔레콤(의정부),KT-VI
L미164825,열)현텔레콤(하남),KT-VI
L미739247,열)형제통신,KT-VI
L미656187,열)형제통신,KT-VI
L미464623,열)형제통신,KT-VI
L미402878,수)형제tv(동두천),KT-VI
L미335735,민)혜성인터내셔널(강변),KT-VI
L미938854,웅)호구통신,KT-VI
L미581220,웅)호구통신,KT-VI
L미594264,수)호금통신(마석),KT-VI
L미381289,열)호우,KT-VI
L미750655,구)호평통신(남원),KT-VI
L미531138,수)홈모바일플러스(관악),KT-VI
L미457412,웅)홍대모바일,KT-VI
L미476207,수)홍인(덕양구청),KT-VI
L미702517,수)홍인본점(고양),KT-VI
L미869977,영)화곡직영점(화곡),KT-VI
L미591191,구)화니모바일,KT-VI
L미403498,열)화성본가,KT-VI
L미850758,준)화이트컴퍼니,KT-VI
L미590240,준)화이트컴퍼니,KT-VI
L미409965,준)화이트컴퍼니,KT-VI
L미386834,준)화이트컴퍼니,KT-VI
L미378523,준)화이트컴퍼니,KT-VI
L미378496,준)화이트컴퍼니,KT-VI
L미378495,준)화이트컴퍼니,KT-VI
L미227858,준)화이트컴퍼니,KT-VI
L미634111,열)화이트통신(광주),KT-VI
L미412919,영)황금텔레콤,KT-VI
L미383349,웅)황민글로벌,KT-VI
L미261962,구)황산텔레콤,KT-VI
L미799340,영)황소모바일(부평),KT-VI
L미130671,수)황소폰(파주),KT-VI
L미121684,수)황제통신(대구),KT-VI
L미186121,수)회룡통신(중랑),KT-VI
L미968740,구)효자통신(면목점),KT-VI
L미383497,수)후니모바일(강동),KT-VI
L미630116,수)후야통신(구리),KT-VI
L미776738,수)훈남모바일(장현),KT-VI
L미490983,수)훈민정음(미사),KT-VI
L미168770,수)훈민정음1(하남),KT-VI
L미711925,수)훈민정음3(하남),KT-VI
L미940339,웅)훈이통신,KT-VI
L미732769,수)휘텔레콤(종로),KT-VI
L미398365,수)휴대폰#(세종),KT-VI
L미169138,영)휴대폰1번가(양산점),KT-VI
L미849129,수)휴대폰365아울렛(진접),KT-VI
L미212926,웅)휴대폰가게(구리),KT-VI
L미922531,웅)휴대폰가게(금촌),KT-VI
L미377308,민)휴대폰가게(당진),KT-VI
L미829669,준)휴대폰가게(아산),KT-VI
L미849597,구)휴대폰가게(안양),KT-VI
L미107677,구)휴대폰가게(영주),KT-VI
L미445943,구)휴대폰가게(MS)통신,KT-VI
L미200168,열)휴대폰갤러리(천안),KT-VI
L미461278,구)휴대폰거래소(김해),KT-VI
L미374352,구)휴대폰거래소(김해),KT-VI
L미849986,열)휴대폰거래소(동탄),KT-VI
L미585969,열)휴대폰거래소(남양),KT-VI
L미378151,열)휴대폰거래소(동탄),KT-VI
L미511385,열)휴대폰거래소(향남),KT-VI
L미732381,열)휴대폰도매샾(퇴촌),KT-VI
L미428065,영)휴대폰마켓(방축점),KT-VI
L미758200,민)휴대폰마트(당진),KT-VI
L미886391,열)휴대폰맛집(성남),KT-VI
L미756719,수)휴대폰멀티점(상주),KT-VI
L미479842,수)휴대폰명가(대구),KT-VI
L미982475,웅)휴대폰바로고(충주),KT-VI
L미555174,웅)휴대폰박사(속초),KT-VI
L미787003,영)휴대폰성지 경기광주 제이,KT-VI
L미802232,열)휴대폰성지대한민국폰가게알람폰양산점,KT-VI
L미908358,열)휴대폰성지대한민국폰가게알람폰초량점,KT-VI
L미501765,영)휴대폰성지 사자폰 의정부점,KT-VI
L미830019,구)휴대폰성지상계역점,KT-VI
L미199230,구)휴대폰성지옆커폰군산점,KT-VI
L미825129,영)휴대폰성지 폰대장,KT-VI
L미786118,수)휴대폰성지(경산),KT-VI
L미653074,열)휴대폰성지(구포),KT-VI
L미403610,수)휴대폰성지(김해),KT-VI
L미896582,수)휴대폰성지(대구),KT-VI
L미606976,열)휴대폰성지(부산),KT-VI
L미677029,열)휴대폰성지(부산금정),KT-VI
L미856081,수)휴대폰성지(부산일광점),KT-VI
L미400437,수)휴대폰성지(부산정관점),KT-VI
L미146113,수)휴대폰성지(양산),KT-VI
L미887478,수)휴대폰성지(양산중부점),KT-VI
L미130981,민)휴대폰성지(의정부),KT-VI
L미895180,민)휴대폰성지(인천),KT-VI
L미534467,수)휴대폰성지(진주),KT-VI
L미096208,수)휴대폰성지(창원용호점),KT-VI
L미557207,수)휴대폰성지도매폰(시흥),KT-VI
L미158753,구)휴대폰성지라베니체폰2호점(은평),KT-VI
L미523225,영)휴대폰성지비비(용산),KT-VI
L미481421,민)휴대폰성지알고동작본점(신대방),KT-VI
L미202195,열)휴대폰성지알람폰루피통신(부산),KT-VI
L미599298,수)휴대폰성지제이제이모바일(동탄),KT-VI
L미403811,수)휴대폰성지최싸폰 하대점(진주),KT-VI
L미785154,수)휴대폰성지최싸폰(양산중부점),KT-VI
L미667744,수)휴대폰성지최싸폰(진주),KT-VI
L미839103,수)휴대폰성지최싸폰(진주상대점),KT-VI
L미874891,열)휴대폰성지폰방긋(진주),KT-VI
L미492767,영)휴대폰성지픽업폰(광주),KT-VI
L미546474,영)휴대폰성지픽업폰(용인),KT-VI
L미296909,영)휴대폰성지픽업폰(이천),KT-VI
L미642361,구)휴대폰쇼핑몰,KT-VI
L미834702,영)휴대폰싸다구(평택),KT-VI
L미935170,구)휴대폰아울렛(고성),KT-VI
L미841809,영)휴대폰아울렛(광주),KT-VI
L미900114,영)휴대폰아울렛(영주),KT-VI
L미854194,웅)휴대폰아울렛(천안),KT-VI
L미579279,열)휴대폰앤인터넷(장성),KT-VI
L미425599,구)휴대폰일번가(두정점),KT-VI
L미908420,열)휴대폰점빵(여수),KT-VI
L미401724,열)휴대폰종합프라자(정읍),KT-VI
L미176519,웅)휴대폰천국,KT-VI
L미510762,영)휴대폰특판(산척점),KT-VI
L미591997,영)휴대폰특판(안산점),KT-VI
L미944446,수)휴대폰판매왕(천안),KT-VI
L미612553,열)휴대폰팩토리(대전)/M,KT-VI
L미677219,영)휴대폰하우스(가경점),KT-VI
L미666965,열)휴대폰할인마트(거제),KT-VI
L미693443,열)휴대폰할인마트(수지),KT-VI
L미432438,웅)휴대폰할인매장(중계),KT-VI
L미475526,열)휴대폰할인카페(성남),KT-VI
L미676503,구)휴대FUN(창원),KT-VI
L미081357,영)흥아통신(김해),KT-VI
L미476667,영)흥화모바일(대구경산점),KT-VI
L미474208,영)흥화통신2(안산),KT-VI
L미781630,수)히어로즈 (길동),KT-VI
L미755579,웅)히어로폰(경주),KT-VI
L미715826,웅)히트통신,KT-VI
L미706385,구)BD통신,KT-VI
L미380800,영)BJ모바일(인천),KT-VI
L미656917,웅)BJ텔레콤,KT-VI
L미967015,영)cs텔레콤(송파),KT-VI
L미065184,협력)DC마트,KT-VI
L미781277,구)DM프리넷,KT-VI
L미548698,웅)E통신,KT-VI
L미883678,구)HHC통신,KT-VI
L미162947,준)HHC통신,KT-VI
L미400715,열)I이동통신(영암),KT-VI
L미689674,구)IT(전주),KT-VI
L미371690,열)JH모바일(수원),KT-VI
L미745273,수)JN(창동),KT-VI
L미388157,구)JS통신(수유),KT-VI
L미943954,수)JY텔레콤(고양),KT-VI
L미143262,구)KT한백텔레콤,KT-VI
L미411174,수)msgj(장현),KT-VI
L미356864,영)PMJ캄보디아통신(안산),KT-VI
L미587005,구)PS모바일,KT-VI
L미090646,웅)SH모바일,KT-VI
L미380224,열)SH정보통신(신흥),KT-VI
L미113278,구)SJ텔레콤(정읍),KT-VI
L미648318,구)SK숭인,KT-VI
L미680025,구)SR모바일(고양),KT-VI
L미545161,영)SSD헤렌텔레콤(용산),KT-VI
L미972917,수)sun텔레콤(중곡),KT-VI
L미497446,웅)SY모바일(성남),KT-VI
L미620705,웅)TB모바일/M,KT-VI
L미595901,열)Ti모바일(잠실),KT-VI
L미483836,준)TOP정보통신(파주),KT-VI
L미644892,열)UM통신(여주),KT-VI
L미868658,수)vip텔레콤(중곡),KT-VI
L미373156,수)더라온,KT-VI
L미374632,민)위코리아,KT-VI
L미739923,구)(주)온팩(광주),KT-VI
L미762477,열)행복통신(창원),KT-VI
L미695756,열)호수(수원),KT-VI
L미821827,구)이다글로벌,KT-VI
L미898811,열)시네마통신(진주),KT-VI
L미544482,민)우주모바일(인천),KT-VI
L미766698,민)지니커뮤니케이션(양천구),KT-VI
L미400363,구)애니콜통신(전주),KT-VI
L미550499,민)교하퍼스트모바일(파주),KT-VI
L미159879,민)가람폰마트(파주),KT-VI
L미595368,영)옆커폰(천안두정점),KT-VI
L미731015,웅)(주)타이거글로벌86,KT-VI
L미797620,영)휴대폰싸다구(평택) 2호점,KT-VI
L미861300,영)옆커폰(충주연수점),KT-VI
L미959187,수)소망통신(미사),KT-VI
L미535870,수)이현컴퍼니(미사),KT-VI
L미697919,우)진이모바일,KT-VI
L미099729,구)종걸모바일(중계),KT-VI
L미674536,구)바른통신(광주),KT-VI
L미686536,열)봄날(강북),KT-VI
L미760050,민)조은(강변),KT-VI
L미972643,구)미소통신(중계),KT-VI
L미816742,민)비씨모바일(안산),KT-VI
L미966689,영)휴대폰24시(동두천),KT-VI
L미644818,웅)서희도매통신(이천),KT-VI
L미870633,영)옆커폰(강일점),KT-VI
L미138165,웅)보스,KT-VI
L미364015,수)아이엔씨잠실새내(잠실),KT-VI
L미645370,준)착한핸드폰가게,KT-VI
L미824261,열)주식회사벌집,KT-VI
L미468069,준)알뜰휴대폰 오산점,KT-VI
L미135523,열)와이에스모바일(성남),KT-VI
L미377815,영)인아정보(안산),KT-VI
L미993747,영)독도폰(경주),KT-VI
L미229714,영)바른중고폰(구미),KT-VI
L미371706,영)하랑모바일,KT-VI
L미180750,수)스마트폰면세점(트리지움점),KT-VI
L미230287,수)폰어게인(잠실),KT-VI
L미723221,민)드림2(구로),KT-VI
L미700181,열)다인정보통신(나주),KT-VI
L미735111,열)주식회사일함4,KT-VI
L미137839,열)주식회사일함2,KT-VI
L미754229,열)주식회사일함3,KT-VI
L미847742,우)국대폰(어룡역점),KT-VI
L미450517,웅)알뜰통신요기요(송파),KT-VI
L미645978,영)대희통신(제천),KT-VI
L미754035,민)도매폰2010(평택),KT-VI
L미465822,구)탑모바일(상주),KT-VI
L미668800,구)트러스트통신(창원),KT-VI
L미561483,준)제이제이,KT-VI
L미935324,열)휴대폰거래소(동탄),KT-VI
L미616966,수)이온정보통신(위례),KT-VI
L미759095,영)픽스굿(서대문),KT-VI
L미397694,웅)주식회사올웨이(중곡),KT-VI
L미095188,수)통큰통신휴대폰성지(암사),KT-VI
L미843084,구)한텔레콤(전주),KT-VI
L미573290,민)천일텔레콤(강서구),KT-VI
L미746323,우)국대폰(어룡역점),KT-VI
L미632645,수)파인애플통신(잠실),KT-VI
L미406207,수)통큰통신휴대폰성지(송파),KT-VI
L미348334,구)휴대폰성지킹폰(대전),KT-VI
L미769858,민)주식회사 드로인(금천구),KT-VI
L미451757,준)제이제이,KT-VI
L미387423,민)티지모바일(관악구),KT-VI
L미699577,민)폰온(용인),KT-VI
L미721937,구)굿모닝목4점,KT-VI
L미154093,민)난곡아이티(관악구),KT-VI
L미619031,민)휴대폰도매총판 천안점,KT-VI
L미419920,민)휴대폰도매총판 천안점,KT-VI
L미910591,민)휴대폰도매총판 천안점,KT-VI
L미533842,열)대전이동통신,KT-VI
L미623286,열)와이즈텔레콤(연천),KT-VI
L미455067,준)승승장구,KT-VI
L미637115,영)디엔리모바일,KT-VI
L미556813,수)스마트폰면세점(송파),KT-VI
L미077322,웅)STP컴퍼니,KT-VI
L미573405,웅)휴대폰천국 황금점(대구),KT-VI
L미828140,수)일등폰(양산),KT-VI
L미313374,영)미얀골(부평),KT-VI
L미476351,웅)청백텔레콤(월계),KT-VI
L미785977,우)국대폰(어룡역점),KT-VI
L미881044,영)옆커폰(광흥창점),KT-VI
L미213655,민)시내통신(동두천),KT-VI
L미722889,열)알뜰모바일(대구),KT-VI
L미661796,웅)픽스모아 영종도 아이폰수리24시,KT-VI
L미147523,웅)휴대폰성지 폰슐랭 성북점,KT-VI
L미964602,웅)이엔케이,KT-VI
L미220694,열)은성통신(전주),KT-VI
L미504333,열)메인텔레콤(강동),KT-VI
L미585377,열)포승폰(평택),KT-VI
L미511227,구)논산통신,KT-VI
L미856674,구)프라임모바일(논산),KT-VI
L미995869,민)멘토박스(강변),KT-VI
L미747137,수)휴대폰성지(좌동점),KT-VI
L미207621,영)옆커폰(수유점),KT-VI
L미402812,수)알에스모바일(평내),KT-VI
L미950139,웅)하이컴퍼니,KT-VI
L미974459,영)옆커폰(천안청당점),KT-VI
L미518848,수)JK텔레콤(구리),KT-VI
L미747200,수)더블S(구리),KT-VI
L미212397,구)다온통신(청주),KT-VI
L미600938,민)와이에이치모바일(오산),KT-VI
L미095023,구)민지정보(안양),KT-VI
L미716087,웅)광성텔레콤,KT-VI
L미760366,영)옆커폰(대전은행점),KT-VI
L미688822,구)일등통신 초전(성주),KT-VI
L미178966,구)일등통신 가야(합천),KT-VI
L미844349,수)주)콜비서(대구),KT-VI
L미986781,수)베스트텔레콤(뚝섬),KT-VI
L미264608,열)탑모바일(일산),KT-VI
L미495936,구)필휴대폰통신(속초),KT-VI
L미702408,민)정직한모바일샵(화성),KT-VI
L미137003,수)휴대폰성지 슈퍼맨텔레콤(창원팔용점),KT-VI
L미688789,웅)주식회사광산(대전),KT-VI
L미149735,영)옆커폰(광주경안점),KT-VI
L미391857,웅)제이엠넷(부산),KT-VI
L미630125,수)휴대폰스토리(수유),KT-VI
L미264178,영)투게더(부평),KT-VI
L미152208,수)유진텔레콤(충주),KT-VI
L미886374,영)연결통신(천안),KT-VI
L미516003,영)천안통신업무모바일(천안),KT-VI
L미439858,영)별해모바일(오송점),KT-VI
L미566492,준)승승장구,KT-VI
L미339599,민)폰하우스(대전),KT-VI
L미383758,민)폰아저씨(대전),KT-VI
L미832427,준)람경통신,KT-VI
L미619453,구)주식회사 로사네트워크(태백),KT-VI
L미787012,준)승승장구,KT-VI
L미597713,웅)휴대폰일번가(대전),KT-VI
L미714850,웅)싸이통신,KT-VI
L미905472,수)하나로텔레콤(제천),KT-VI
L미486901,수)소바진네트웍스(제천),KT-VI
L미880882,수)세은통신(원주),KT-VI
L미672346,민)휴대폰아울렛(홍성),KT-VI
L미458130,민)다인텔레콤(수원),KT-VI
L미145741,준)람경통신,KT-VI
L미159376,민)블루텔레콤(구리),KT-VI
L미822653,구)폰마트 휴대폰쇼핑몰(전주),KT-VI
L미097972,준)브라더,KT-VI
L미879455,영)옆커폰(상도점),KT-VI
L미756537,수)공주폰(공주),KT-VI
L미785002,영)돌고래통신(쌍문점),KT-VI
L미627590,수)휴대폰맛집(호평),KT-VI
L미584573,수)제이제이모바일(안산),KT-VI
L미837281,수)스마트폰면세점(봉담),KT-VI
L미117547,구)훈이한국통신(전주),KT-VI
L미325674,민)뉴우주상사(대전),KT-VI
L미852256,민)(주)엠제이통신(인천),KT-VI
L미079266,구)폰대장(군산),KT-VI
L미459253,민)브이텔레콤(청주),KT-VI
L미382839,구)정원텔레콤(부산),KT-VI
L미569272,민)청주휴대폰성지꿀폰(청주),KT-VI
L미387303,열)휴대폰놀이터(부산),KT-VI
L미374481,민)다우통신,KT-VI
L미719731,구)시민정보(창원),KT-VI
L미390461,민)효림텔레콤(원주),KT-VI
L미263472,준)주식회사 휴대폰맛집,KT-VI
L미512702,열)(주)소이컴퍼니(금천),KT-VI
L미463944,열)능곡폰마트(시흥),KT-VI
L미118049,영)옆커폰(세종도담점),KT-VI
L미909919,구)와이엠모바일(군산),KT-VI
L미104958,준)람경통신,KT-VI
L미457388,열)바가모바일(수원),KT-VI
L미607802,열)케이모바일(부천신중동점),KT-VI
L미922912,구)군산 휴대폰성지,KT-VI
L미736105,열)행복통신(조암),KT-VI
L미519057,영)옆커폰(용인성복역점),KT-VI
L미475751,수)BF텔레콤(명일),KT-VI
L미976950,수)에이비씨모바일(천호),KT-VI
L미906012,열)맥스컴퍼니(동탄),KT-VI
L미673359,영)꿀폰마켓,KT-VI
L미176630,수)휴대폰성지최싸폰(양산중부점),KT-VI
L미793450,민)수진인피니티,KT-VI
L미917114,민)에스지프렌즈(장곡),KT-VI
L미621057,우)노란마켓,KT-VI
L미842063,수)착한휴대폰(동대문),KT-VI
L미673187,수)아프리카중고폰(수유),KT-VI
L미959601,영)민텔레콤(제천),KT-VI
L미426643,영)킹텔레콤(예산),KT-VI
L미671859,영)에스와이모바일,KT-VI
L미559290,영)옆커폰 분당오리점,KT-VI
L미132501,웅)그레이슬,KT-VI
L미862801,민)투모로우허브네트웍스,KT-VI
L미657504,영)엉미얀마(부평본점),KT-VI
L미197310,웅)사과모바일(부산),KT-VI
L미949462,우)국대폰(어룡역점),KT-VI
L미878401,민)금천프로모바일,KT-VI
L미722694,구)케이모바일연수점,KT-VI
L미534929,열)휴대폰거래소(향남),KT-VI
L미998768,구)샵모바일 주엽점(고양),KT-VI
L미116494,민)휴대폰캠퍼스 도청점(청주),KT-VI
L미595254,열)장고통신(부산),KT-VI
L미910540,민)폰파는친구들(청주),KT-VI
L미809541,민)휴대폰캠퍼스 용암점(청주),KT-VI
L미602489,수)수정모바일(원주),KT-VI
L미990557,웅)산성텔레콤,KT-VI
L미113335,민)비씨모바일(안산),KT-VI
L미881424,민)휴대폰캠퍼스 청대점(청주),KT-VI
L미363171,민)SC모바일(양천구),KT-VI
L미780663,민)휴대폰캠퍼스 본점(청주),KT-VI
L미689090,구)주식회사우리모바일,KT-VI
L미077904,구)주식회사우리모바일,KT-VI
L미620890,구)주식회사우리모바일,KT-VI
L미096440,열)탑모바일(파주),KT-VI
L미699107,준)승승장구,KT-VI
L미564895,구)트리텔레콤(은평),KT-VI
L미528509,열)바른휴대폰(위례),KT-VI
L미545592,열)(주)레퍼런스,KT-VI
L미382008,민)준텔레컴퍼니(원주),KT-VI
L미703016,수)우리모바일(김포),KT-VI
L미443161,구)케이모바일(원미점),KT-VI
L미417112,열)으뜸도매폰(송파),KT-VI
L미099014,민)보그텔레콤(충주),KT-VI
L미987650,구)주식회사 청춘대길,KT-VI
L미531974,민)다온모바일(원주),KT-VI
L미095297,열)청북폰(평택),KT-VI
L미466950,웅)동부나이스드림,KT-VI
L미127459,수)반히에우모바일,KT-VI
L미469621,영)옆커폰(노원상계점),KT-VI
L미817518,영)옆커폰(삼전역점),KT-VI
L미452450,민)라온통신(평택),KT-VI
L미103396,민)미소정보통신(평택),KT-VI
L미571571,수)티케이씨모바일(동대문),KT-VI
L미785194,영)옆커폰(불광역점),KT-VI
L미212068,웅)영모바일,KT-VI
L미905793,영)옆커폰(일산백석점),KT-VI
L미082489,우)국대폰(어룡역점),KT-VI
L미615563,웅)영인모바일,KT-VI
L미373241,수)월드모바일(대곶),KT-VI
L미191428,준)주식회사태산(소매),KT-VI
L미450746,준)승승장구,KT-VI
L미094964,열)열매통신(대구),KT-VI
L미138803,구)착한휴대폰청주점,KT-VI
L미918666,민)핸드폰바꾸실분(파주),KT-VI
L미580622,수)스마트폰면세점(파인애플점),KT-VI
L미646760,영)제이앤컴퍼니,KT-VI
L미384067,민)폰싸다구 킨텍스(고양시),KT-VI
L미380082,민)페리도트엔휴대폰면세점(안성),KT-VI
L미125192,준)주식회사태산(소매),KT-VI
L미850641,준)주식회사태산(소매),KT-VI
L미764264,준)주식회사태산(소매),KT-VI
L미186453,민)(주)눈비 블루폰(평택),KT-VI
L미513319,민)(주)눈비 옐로폰(안성),KT-VI
L미476913,구)모두의통신(상주),KT-VI
L미388744,영)옆커폰(청주봉명아이파크점),KT-VI
L미465815,웅)제이비통신,KT-VI
L미506064,영)옆커폰(원종직영점),KT-VI
L미142115,영)옆커폰(당산점),KT-VI
L미526070,민)두총각폰(용인),KT-VI
L미212051,영)옆커폰(시흥은계점),KT-VI
L미486868,영)옆커폰(송파가락점),KT-VI
L미189449,영)옆커폰(신당점),KT-VI
L미848001,준)승승장구,KT-VI
L미501490,영)엉미얀마(부평본점),KT-VI
L미135002,영)옆커폰(김포고촌점),KT-VI
L미860614,영)노마진통신(대전),KT-VI
L미183686,구)위한(의정부),KT-VI
L미627803,웅)폰천국(수유),KT-VI
L미373574,수)베스트모바일(의정부),KT-VI
L미077283,구)탑모바일통신(충주),KT-VI
L미533642,구)제이넷(전주),KT-VI
L미634820,수)원텔레콤(송파),KT-VI
L미904832,수)휴대폰싸군(의정부),KT-VI
L미681368,수)국제사(주안),KT-VI
L미834560,열)(주)차이홍글로벌,KT-VI
L미972313,열)(주)차이홍글로벌,KT-VI
L미181891,열)(주)차이홍글로벌,KT-VI
L미112553,열)(주)차이홍글로벌,KT-VI
L미683314,열)(주)차이홍글로벌,KT-VI
L미163699,민)휴대폰캠퍼스 율량점(청주),KT-VI
L미821310,열)플렉스샾(김해),KT-VI
L미929411,준)람경통신,KT-VI
L미994508,민)국대휴대폰성지 영등포점(영등포),KT-VI
L미453831,민)더차칸모바일1호점(시흥),KT-VI
L미868031,열)쌍용폰(천안),KT-VI
L미094599,열)W통신(강동),KT-VI
L미932119,영)온누리통신,KT-VI
L미378150,웅)바이폰(김포),KT-VI
L미848603,우)어라운드비,KT-VI
L미621099,열)금용통신(대전),KT-VI
L미822988,웅)티비모바일(대전),KT-VI
L미648912,수)감동모바일(대전),KT-VI
L미843295,열)판다텔레콤3(천안),KT-VI
L미821685,민)비피엠통신(파주),KT-VI
L미449338,민)비피엠통신(파주),KT-VI
L미900776,민)모바일아울렛(오산),KT-VI
L미846505,구)리더일원(강남),KT-VI
L미412166,민)보라매통신(왕십리),KT-VI
L미127948,민)비씨모바일 정왕점(시흥),KT-VI
L미542293,민)휴대폰365아울렛(용인),KT-VI
L미541542,영)일이팔(대전),KT-VI
L미165378,수)케이브이엔(대전),KT-VI
L미518858,웅)홍스통신 휴대폰할인매장(대전),KT-VI
L미368233,수)해태통신(대전),KT-VI
L미080883,준)주식회사 휴대폰맛집,KT-VI
L미989228,수)제일폰(주안),KT-VI
L미692450,영)옆커폰(별가람점),KT-VI
L미173650,영)옆커폰(금천시흥점),KT-VI
L미093926,민)휴대폰멀티샵(오산),KT-VI
L미473299,준)알뜰휴대폰(금천),KT-VI
L미793413,영)휴대폰성지 권선점,KT-VI
L미588621,구)애니콜프라자(진주),KT-VI
L미578526,민)유앤소프트,KT-VI
L미887794,준)주식회사태산(소매),KT-VI
L미133055,준)주식회사태산(소매),KT-VI
L미822857,민)번개폰(구로),KT-VI
L미553625,구)착한통신(마석),KT-VI
L미426746,열)휴대폰성지(해남),KT-VI
L미901208,영)옆커폰(청주지웰복대점),KT-VI
L미790476,민)브랜드모바일(천안),KT-VI
L미188506,민)월드텔레콤(천안),KT-VI
L미506797,웅)만후엔모바일(수원),KT-VI
L미576326,민)민지(구로),KT-VI
L미941050,민)아빠통신(구로),KT-VI
L미450616,민)대박통신(시흥),KT-VI
L미772645,영)옆커폰(남가좌점),KT-VI
L미476780,영)유셀(길음),KT-VI
L미601135,영)옆커폰(공주점),KT-VI
L미183394,민)씨엔아이통신(부천),KT-VI
L미489384,열)주식회사일함5,KT-VI
L미887362,민)따르릉폰(청주),KT-VI
L미777645,영)옆커폰(목동동점),KT-VI
L미631365,영)옆커폰(청주금천점),KT-VI
L미339511,민)제이텔정보(부천),KT-VI
L미636482,열)향남휴대폰서비스센터,KT-VI
L미084247,준)람경통신,KT-VI
L미107700,수)더블에이치통신(병점),KT-VI
L미267148,영)옆커폰(청주오창점),KT-VI
L미774024,영)옆커폰(천안용화점),KT-VI
L미214166,준)제이제이,KT-VI
L미126748,수)스마트폰면세점 인천(송림점),KT-VI
L미756554,열)노란마켓(전포점),KT-VI
L미420829,구)(주)세이치즈 창동점,KT-VI
L미837732,민)365도매폰(수원),KT-VI
L미891540,민)단단드림컴퍼니(고양),KT-VI
L미467442,열)에스지피플2(중랑),KT-VI
L미537088,영)옆커폰(별내점),KT-VI
L미662636,영)흥화통신2(안산),KT-VI
L미118683,민)우리동네국민폰 탑동점(수원),KT-VI
L미174537,구)제이디모바일(화곡본동시장점),KT-VI
L미400183,구)애플모바일(부산),KT-VI
L미919247,영)이지마트(곤지암),KT-VI
L미412626,구)봄텔레콤(중랑),KT-VI
L미124815,민)성지모바일(구로),KT-VI
L미582809,영)옆커폰(대전둔산점),KT-VI
L미841564,우)쌍둥이텔레콤,KT-VI
L미339297,우)럭키홀,KT-VI
L미802976,수)해운대휴대폰(부산),KT-VI
